Date_reported,Country_code,Country,WHO_region,New_cases,Cumulative_cases,New_deaths,Cumulative_deaths
2020-01-03,IT,Italy,EURO,0,0,0,0
2020-01-04,IT,Italy,EURO,0,0,0,0
2020-01-05,IT,Italy,EURO,0,0,0,0
2020-01-06,IT,Italy,EURO,0,0,0,0
2020-01-07,IT,Italy,EURO,0,0,0,0
2020-01-08,IT,Italy,EURO,0,0,0,0
2020-01-09,IT,Italy,EURO,0,0,0,0
2020-01-10,IT,Italy,EURO,0,0,0,0
2020-01-11,IT,Italy,EURO,0,0,0,0
2020-01-12,IT,Italy,EURO,0,0,0,0
2020-01-13,IT,Italy,EURO,0,0,0,0
2020-01-14,IT,Italy,EURO,0,0,0,0
2020-01-15,IT,Italy,EURO,0,0,0,0
2020-01-16,IT,Italy,EURO,0,0,0,0
2020-01-17,IT,Italy,EURO,0,0,0,0
2020-01-18,IT,Italy,EURO,0,0,0,0
2020-01-19,IT,Italy,EURO,0,0,0,0
2020-01-20,IT,Italy,EURO,0,0,0,0
2020-01-21,IT,Italy,EURO,0,0,0,0
2020-01-22,IT,Italy,EURO,0,0,0,0
2020-01-23,IT,Italy,EURO,0,0,0,0
2020-01-24,IT,Italy,EURO,0,0,0,0
2020-01-25,IT,Italy,EURO,0,0,0,0
2020-01-26,IT,Italy,EURO,0,0,0,0
2020-01-27,IT,Italy,EURO,0,0,0,0
2020-01-28,IT,Italy,EURO,0,0,0,0
2020-01-29,IT,Italy,EURO,0,0,0,0
2020-01-30,IT,Italy,EURO,0,0,0,0
2020-01-31,IT,Italy,EURO,3,3,0,0
2020-02-01,IT,Italy,EURO,0,3,0,0
2020-02-02,IT,Italy,EURO,0,3,0,0
2020-02-03,IT,Italy,EURO,0,3,0,0
2020-02-04,IT,Italy,EURO,0,3,0,0
2020-02-05,IT,Italy,EURO,0,3,0,0
2020-02-06,IT,Italy,EURO,0,3,0,0
2020-02-07,IT,Italy,EURO,0,3,0,0
2020-02-08,IT,Italy,EURO,0,3,0,0
2020-02-09,IT,Italy,EURO,0,3,0,0
2020-02-10,IT,Italy,EURO,0,3,0,0
2020-02-11,IT,Italy,EURO,0,3,0,0
2020-02-12,IT,Italy,EURO,0,3,0,0
2020-02-13,IT,Italy,EURO,0,3,0,0
2020-02-14,IT,Italy,EURO,0,3,0,0
2020-02-15,IT,Italy,EURO,0,3,0,0
2020-02-16,IT,Italy,EURO,0,3,0,0
2020-02-17,IT,Italy,EURO,0,3,0,0
2020-02-18,IT,Italy,EURO,0,3,0,0
2020-02-19,IT,Italy,EURO,0,3,0,0
2020-02-20,IT,Italy,EURO,0,3,0,0
2020-02-21,IT,Italy,EURO,0,3,0,0
2020-02-22,IT,Italy,EURO,14,17,0,0
2020-02-23,IT,Italy,EURO,62,79,2,2
2020-02-24,IT,Italy,EURO,53,132,1,3
2020-02-25,IT,Italy,EURO,97,229,4,7
2020-02-26,IT,Italy,EURO,93,322,3,10
2020-02-27,IT,Italy,EURO,78,400,2,12
2020-02-28,IT,Italy,EURO,250,650,5,17
2020-02-29,IT,Italy,EURO,238,888,4,21
2020-03-01,IT,Italy,EURO,240,1128,8,29
2020-03-02,IT,Italy,EURO,566,1694,5,34
2020-03-03,IT,Italy,EURO,342,2036,18,52
2020-03-04,IT,Italy,EURO,466,2502,27,79
2020-03-05,IT,Italy,EURO,587,3089,28,107
2020-03-06,IT,Italy,EURO,769,3858,41,148
2020-03-07,IT,Italy,EURO,778,4636,49,197
2020-03-08,IT,Italy,EURO,1247,5883,36,233
2020-03-09,IT,Italy,EURO,1492,7375,133,366
2020-03-10,IT,Italy,EURO,1797,9172,97,463
2020-03-11,IT,Italy,EURO,977,10149,168,631
2020-03-12,IT,Italy,EURO,2313,12462,196,827
2020-03-13,IT,Italy,EURO,2651,15113,189,1016
2020-03-14,IT,Italy,EURO,2547,17660,250,1266
2020-03-15,IT,Italy,EURO,3497,21157,175,1441
2020-03-16,IT,Italy,EURO,3590,24747,368,1809
2020-03-17,IT,Italy,EURO,3233,27980,349,2158
2020-03-18,IT,Italy,EURO,3526,31506,345,2503
2020-03-19,IT,Italy,EURO,4207,35713,475,2978
2020-03-20,IT,Italy,EURO,5322,41035,427,3405
2020-03-21,IT,Italy,EURO,5986,47021,627,4032
2020-03-22,IT,Italy,EURO,6557,53578,793,4825
2020-03-23,IT,Italy,EURO,5560,59138,651,5476
2020-03-24,IT,Italy,EURO,4789,63927,601,6077
2020-03-25,IT,Italy,EURO,5249,69176,743,6820
2020-03-26,IT,Italy,EURO,5210,74386,683,7503
2020-03-27,IT,Italy,EURO,6153,80539,662,8165
2020-03-28,IT,Italy,EURO,5959,86498,969,9134
2020-03-29,IT,Italy,EURO,5974,92472,889,10023
2020-03-30,IT,Italy,EURO,5217,97689,756,10779
2020-03-31,IT,Italy,EURO,4050,101739,812,11591
2020-04-01,IT,Italy,EURO,4053,105792,837,12428
2020-04-02,IT,Italy,EURO,4782,110574,727,13155
2020-04-03,IT,Italy,EURO,4668,115242,760,13915
2020-04-04,IT,Italy,EURO,4585,119827,766,14681
2020-04-05,IT,Italy,EURO,4805,124632,681,15362
2020-04-06,IT,Italy,EURO,4316,128948,525,15887
2020-04-07,IT,Italy,EURO,3599,132547,636,16523
2020-04-08,IT,Italy,EURO,3039,135586,604,17127
2020-04-09,IT,Italy,EURO,3836,139422,542,17669
2020-04-10,IT,Italy,EURO,4204,143626,610,18279
2020-04-11,IT,Italy,EURO,3951,147577,570,18849
2020-04-12,IT,Italy,EURO,4694,152271,619,19468
2020-04-13,IT,Italy,EURO,4092,156363,431,19899
2020-04-14,IT,Italy,EURO,3153,159516,566,20465
2020-04-15,IT,Italy,EURO,2972,162488,602,21067
2020-04-16,IT,Italy,EURO,2667,165155,578,21645
2020-04-17,IT,Italy,EURO,3786,168941,525,22170
2020-04-18,IT,Italy,EURO,3493,172434,575,22745
2020-04-19,IT,Italy,EURO,3491,175925,482,23227
2020-04-20,IT,Italy,EURO,3047,178972,433,23660
2020-04-21,IT,Italy,EURO,2256,181228,454,24114
2020-04-22,IT,Italy,EURO,2729,183957,534,24648
2020-04-23,IT,Italy,EURO,3370,187327,437,25085
2020-04-24,IT,Italy,EURO,2646,189973,464,25549
2020-04-25,IT,Italy,EURO,3021,192994,420,25969
2020-04-26,IT,Italy,EURO,2357,195351,415,26384
2020-04-27,IT,Italy,EURO,2324,197675,260,26644
2020-04-28,IT,Italy,EURO,1739,199414,333,26977
2020-04-29,IT,Italy,EURO,2091,201505,382,27359
2020-04-30,IT,Italy,EURO,2086,203591,323,27682
2020-05-01,IT,Italy,EURO,1872,205463,285,27967
2020-05-02,IT,Italy,EURO,1965,207428,269,28236
2020-05-03,IT,Italy,EURO,1900,209328,474,28710
2020-05-04,IT,Italy,EURO,1389,210717,174,28884
2020-05-05,IT,Italy,EURO,1221,211938,195,29079
2020-05-06,IT,Italy,EURO,1075,213013,236,29315
2020-05-07,IT,Italy,EURO,1444,214457,369,29684
2020-05-08,IT,Italy,EURO,1401,215858,274,29958
2020-05-09,IT,Italy,EURO,1327,217185,243,30201
2020-05-10,IT,Italy,EURO,1083,218268,194,30395
2020-05-11,IT,Italy,EURO,802,219070,165,30560
2020-05-12,IT,Italy,EURO,744,219814,179,30739
2020-05-13,IT,Italy,EURO,1402,221216,172,30911
2020-05-14,IT,Italy,EURO,888,222104,195,31106
2020-05-15,IT,Italy,EURO,992,223096,262,31368
2020-05-16,IT,Italy,EURO,789,223885,242,31610
2020-05-17,IT,Italy,EURO,875,224760,153,31763
2020-05-18,IT,Italy,EURO,675,225435,145,31908
2020-05-19,IT,Italy,EURO,451,225886,99,32007
2020-05-20,IT,Italy,EURO,813,226699,162,32169
2020-05-21,IT,Italy,EURO,665,227364,161,32330
2020-05-22,IT,Italy,EURO,642,228006,156,32486
2020-05-23,IT,Italy,EURO,652,228658,130,32616
2020-05-24,IT,Italy,EURO,669,229327,119,32735
2020-05-25,IT,Italy,EURO,531,229858,50,32785
2020-05-26,IT,Italy,EURO,300,230158,92,32877
2020-05-27,IT,Italy,EURO,397,230555,78,32955
2020-05-28,IT,Italy,EURO,584,231139,117,33072
2020-05-29,IT,Italy,EURO,593,231732,70,33142
2020-05-30,IT,Italy,EURO,516,232248,87,33229
2020-05-31,IT,Italy,EURO,416,232664,111,33340
2020-06-01,IT,Italy,EURO,355,233019,75,33415
2020-06-02,IT,Italy,EURO,178,233197,60,33475
2020-06-03,IT,Italy,EURO,318,233515,55,33530
2020-06-04,IT,Italy,EURO,321,233836,71,33601
2020-06-05,IT,Italy,EURO,177,234013,88,33689
2020-06-06,IT,Italy,EURO,518,234531,85,33774
2020-06-07,IT,Italy,EURO,270,234801,72,33846
2020-06-08,IT,Italy,EURO,197,234998,53,33899
2020-06-09,IT,Italy,EURO,280,235278,65,33964
2020-06-10,IT,Italy,EURO,283,235561,79,34043
2020-06-11,IT,Italy,EURO,202,235763,71,34114
2020-06-12,IT,Italy,EURO,379,236142,53,34167
2020-06-13,IT,Italy,EURO,163,236305,56,34223
2020-06-14,IT,Italy,EURO,346,236651,78,34301
2020-06-15,IT,Italy,EURO,338,236989,44,34345
2020-06-16,IT,Italy,EURO,301,237290,26,34371
2020-06-17,IT,Italy,EURO,210,237500,34,34405
2020-06-18,IT,Italy,EURO,328,237828,43,34448
2020-06-19,IT,Italy,EURO,331,238159,66,34514
2020-06-20,IT,Italy,EURO,251,238410,47,34561
2020-06-21,IT,Italy,EURO,264,238674,49,34610
2020-06-22,IT,Italy,EURO,224,238898,24,34634
2020-06-23,IT,Italy,EURO,221,239119,23,34657
2020-06-24,IT,Italy,EURO,113,239232,18,34675
2020-06-25,IT,Italy,EURO,577,239809,9,34684
2020-06-26,IT,Italy,EURO,296,240105,14,34698
2020-06-27,IT,Italy,EURO,255,240360,10,34708
2020-06-28,IT,Italy,EURO,175,240535,8,34716
2020-06-29,IT,Italy,EURO,174,240709,22,34738
2020-06-30,IT,Italy,EURO,126,240835,6,34744
2020-07-01,IT,Italy,EURO,142,240977,23,34767
2020-07-02,IT,Italy,EURO,182,241159,21,34788
2020-07-03,IT,Italy,EURO,201,241360,30,34818
2020-07-04,IT,Italy,EURO,223,241583,15,34833
2020-07-05,IT,Italy,EURO,235,241818,21,34854
2020-07-06,IT,Italy,EURO,192,242010,7,34861
2020-07-07,IT,Italy,EURO,208,242218,8,34869
2020-07-08,IT,Italy,EURO,137,242355,30,34899
2020-07-09,IT,Italy,EURO,193,242548,15,34914
2020-07-10,IT,Italy,EURO,214,242762,12,34926
2020-07-11,IT,Italy,EURO,276,243038,12,34938
2020-07-12,IT,Italy,EURO,188,243226,7,34945
2020-07-13,IT,Italy,EURO,234,243460,9,34954
2020-07-14,IT,Italy,EURO,169,243629,13,34967
2020-07-15,IT,Italy,EURO,114,243743,17,34984
2020-07-16,IT,Italy,EURO,162,243905,13,34997
2020-07-17,IT,Italy,EURO,230,244135,20,35017
2020-07-18,IT,Italy,EURO,231,244366,11,35028
2020-07-19,IT,Italy,EURO,249,244615,14,35042
2020-07-20,IT,Italy,EURO,218,244833,3,35045
2020-07-21,IT,Italy,EURO,190,245023,13,35058
2020-07-22,IT,Italy,EURO,128,245151,15,35073
2020-07-23,IT,Italy,EURO,280,245431,9,35082
2020-07-24,IT,Italy,EURO,306,245737,10,35092
2020-07-25,IT,Italy,EURO,252,245989,5,35097
2020-07-26,IT,Italy,EURO,274,246263,5,35102
2020-07-27,IT,Italy,EURO,254,246517,5,35107
2020-07-28,IT,Italy,EURO,168,246685,5,35112
2020-07-29,IT,Italy,EURO,202,246887,11,35123
2020-07-30,IT,Italy,EURO,288,247175,6,35129
2020-07-31,IT,Italy,EURO,382,247557,3,35132
2020-08-01,IT,Italy,EURO,379,247936,9,35141
2020-08-02,IT,Italy,EURO,295,248231,5,35146
2020-08-03,IT,Italy,EURO,238,248469,8,35154
2020-08-04,IT,Italy,EURO,159,248628,12,35166
2020-08-05,IT,Italy,EURO,190,248818,5,35171
2020-08-06,IT,Italy,EURO,384,249202,10,35181
2020-08-07,IT,Italy,EURO,401,249603,6,35187
2020-08-08,IT,Italy,EURO,552,250155,3,35190
2020-08-09,IT,Italy,EURO,347,250502,13,35203
2020-08-10,IT,Italy,EURO,463,250965,2,35205
2020-08-11,IT,Italy,EURO,259,251224,4,35209
2020-08-12,IT,Italy,EURO,412,251636,6,35215
2020-08-13,IT,Italy,EURO,476,252112,10,35225
2020-08-14,IT,Italy,EURO,522,252634,6,35231
2020-08-15,IT,Italy,EURO,574,253208,3,35234
2020-08-16,IT,Italy,EURO,629,253837,158,35392
2020-08-17,IT,Italy,EURO,477,254314,4,35396
2020-08-18,IT,Italy,EURO,320,254634,4,35400
2020-08-19,IT,Italy,EURO,401,255035,5,35405
2020-08-20,IT,Italy,EURO,642,255677,7,35412
2020-08-21,IT,Italy,EURO,840,256517,6,35418
2020-08-22,IT,Italy,EURO,947,257464,9,35427
2020-08-23,IT,Italy,EURO,1071,258535,3,35430
2020-08-24,IT,Italy,EURO,1209,259744,7,35437
2020-08-25,IT,Italy,EURO,953,260697,4,35441
2020-08-26,IT,Italy,EURO,876,261573,4,35445
2020-08-27,IT,Italy,EURO,1366,262939,13,35458
2020-08-28,IT,Italy,EURO,1409,264348,5,35463
2020-08-29,IT,Italy,EURO,1460,265808,9,35472
2020-08-30,IT,Italy,EURO,1444,267252,1,35473
2020-08-31,IT,Italy,EURO,1365,268617,4,35477
2020-09-01,IT,Italy,EURO,996,269613,6,35483
2020-09-02,IT,Italy,EURO,975,270588,8,35491
2020-09-03,IT,Italy,EURO,1326,271914,6,35497
2020-09-04,IT,Italy,EURO,1397,273311,10,35507
2020-09-05,IT,Italy,EURO,1732,275043,11,35518
2020-09-06,IT,Italy,EURO,1693,276736,15,35533
2020-09-07,IT,Italy,EURO,1297,278033,8,35541
2020-09-08,IT,Italy,EURO,1150,279183,12,35553
2020-09-09,IT,Italy,EURO,1369,280552,10,35563
2020-09-10,IT,Italy,EURO,1430,281982,14,35577
2020-09-11,IT,Italy,EURO,1597,283579,10,35587
2020-09-12,IT,Italy,EURO,1616,285195,10,35597
2020-09-13,IT,Italy,EURO,1501,286696,6,35603
2020-09-14,IT,Italy,EURO,1456,288152,7,35610
2020-09-15,IT,Italy,EURO,1008,289160,14,35624
2020-09-16,IT,Italy,EURO,1229,290389,9,35633
2020-09-17,IT,Italy,EURO,1452,291841,12,35645
2020-09-18,IT,Italy,EURO,1583,293424,13,35658
2020-09-19,IT,Italy,EURO,1907,295331,10,35668
2020-09-20,IT,Italy,EURO,1637,296968,24,35692
2020-09-21,IT,Italy,EURO,1587,298555,15,35707
2020-09-22,IT,Italy,EURO,1350,299905,17,35724
2020-09-23,IT,Italy,EURO,1391,301296,14,35738
2020-09-24,IT,Italy,EURO,1640,302936,20,35758
2020-09-25,IT,Italy,EURO,1786,304722,23,35781
2020-09-26,IT,Italy,EURO,1912,306634,20,35801
2020-09-27,IT,Italy,EURO,1869,308503,17,35818
2020-09-28,IT,Italy,EURO,1766,310269,17,35835
2020-09-29,IT,Italy,EURO,1494,311763,16,35851
2020-09-30,IT,Italy,EURO,1647,313410,24,35875
2020-10-01,IT,Italy,EURO,1850,315260,19,35894
2020-10-02,IT,Italy,EURO,2548,317808,24,35918
2020-10-03,IT,Italy,EURO,2499,320307,23,35941
2020-10-04,IT,Italy,EURO,2843,323150,27,35968
2020-10-05,IT,Italy,EURO,2578,325728,18,35986
2020-10-06,IT,Italy,EURO,2257,327985,16,36002
2020-10-07,IT,Italy,EURO,2677,330662,28,36030
2020-10-08,IT,Italy,EURO,3677,334339,31,36061
2020-10-09,IT,Italy,EURO,4458,338797,22,36083
2020-10-10,IT,Italy,EURO,5372,344169,28,36111
2020-10-11,IT,Italy,EURO,5724,349893,29,36140
2020-10-12,IT,Italy,EURO,5456,355349,26,36166
2020-10-13,IT,Italy,EURO,4619,359968,39,36205
2020-10-14,IT,Italy,EURO,5898,365866,41,36246
2020-10-15,IT,Italy,EURO,7332,373198,43,36289
2020-10-16,IT,Italy,EURO,8803,382001,83,36372
2020-10-17,IT,Italy,EURO,10009,392010,55,36427
2020-10-18,IT,Italy,EURO,10925,402935,47,36474
2020-10-19,IT,Italy,EURO,11705,414640,69,36543
2020-10-20,IT,Italy,EURO,9337,423977,73,36616
2020-10-21,IT,Italy,EURO,10871,434848,89,36705
2020-10-22,IT,Italy,EURO,15199,450047,127,36832
2020-10-23,IT,Italy,EURO,16078,466125,136,36968
2020-10-24,IT,Italy,EURO,19143,485268,91,37059
2020-10-25,IT,Italy,EURO,19640,504908,151,37210
2020-10-26,IT,Italy,EURO,21273,526181,128,37338
2020-10-27,IT,Italy,EURO,17007,543188,141,37479
2020-10-28,IT,Italy,EURO,21989,565177,221,37700
2020-10-29,IT,Italy,EURO,24988,590165,205,37905
2020-10-30,IT,Italy,EURO,26829,616994,217,38122
2020-10-31,IT,Italy,EURO,31079,648073,199,38321
2020-11-01,IT,Italy,EURO,31756,679829,297,38618
2020-11-02,IT,Italy,EURO,29905,709734,208,38826
2020-11-03,IT,Italy,EURO,22253,731987,233,39059
2020-11-04,IT,Italy,EURO,28241,760228,353,39412
2020-11-05,IT,Italy,EURO,30548,790776,335,39747
2020-11-06,IT,Italy,EURO,34502,825278,445,40192
2020-11-07,IT,Italy,EURO,37802,863080,446,40638
2020-11-08,IT,Italy,EURO,39809,902889,425,41063
2020-11-09,IT,Italy,EURO,32614,935503,331,41394
2020-11-10,IT,Italy,EURO,25269,960772,356,41750
2020-11-11,IT,Italy,EURO,35090,995862,580,42330
2020-11-12,IT,Italy,EURO,32961,1028823,623,42953
2020-11-13,IT,Italy,EURO,37977,1066800,636,43589
2020-11-14,IT,Italy,EURO,40902,1107702,550,44139
2020-11-15,IT,Italy,EURO,37249,1144951,544,44683
2020-11-16,IT,Italy,EURO,33977,1178928,546,45229
2020-11-17,IT,Italy,EURO,27352,1206280,504,45733
2020-11-18,IT,Italy,EURO,32191,1238471,731,46464
2020-11-19,IT,Italy,EURO,34280,1272751,753,47217
2020-11-20,IT,Italy,EURO,36176,1308927,653,47870
2020-11-21,IT,Italy,EURO,37239,1346166,699,48569
2020-11-22,IT,Italy,EURO,34764,1380930,692,49261
2020-11-23,IT,Italy,EURO,28337,1409267,562,49823
2020-11-24,IT,Italy,EURO,22927,1432194,630,50453
2020-11-25,IT,Italy,EURO,23227,1455421,853,51306
2020-11-26,IT,Italy,EURO,25852,1481273,722,52028
2020-11-27,IT,Italy,EURO,29001,1510274,822,52850
2020-11-28,IT,Italy,EURO,28342,1538616,827,53677
2020-11-29,IT,Italy,EURO,26315,1564931,686,54363
2020-11-30,IT,Italy,EURO,20646,1585577,541,54904
2020-12-01,IT,Italy,EURO,16376,1601953,672,55576
2020-12-02,IT,Italy,EURO,19347,1621300,785,56361
2020-12-03,IT,Italy,EURO,20709,1642009,684,57045
2020-12-04,IT,Italy,EURO,23219,1665228,993,58038
2020-12-05,IT,Italy,EURO,24110,1689338,814,58852
2020-12-06,IT,Italy,EURO,21052,1710390,662,59514
2020-12-07,IT,Italy,EURO,18887,1729277,564,60078
2020-12-08,IT,Italy,EURO,13679,1742956,528,60606
2020-12-09,IT,Italy,EURO,14837,1757793,634,61240
2020-12-10,IT,Italy,EURO,12755,1770548,499,61739
2020-12-11,IT,Italy,EURO,16998,1787546,887,62626
2020-12-12,IT,Italy,EURO,18726,1806272,761,63387
2020-12-13,IT,Italy,EURO,19902,1826174,649,64036
2020-12-14,IT,Italy,EURO,17937,1844111,484,64520
2020-12-15,IT,Italy,EURO,12025,1856136,491,65011
2020-12-16,IT,Italy,EURO,14839,1870975,846,65857
2020-12-17,IT,Italy,EURO,17568,1888543,680,66537
2020-12-18,IT,Italy,EURO,18233,1906776,683,67220
2020-12-19,IT,Italy,EURO,15401,1922177,674,67894
2020-12-20,IT,Italy,EURO,16305,1938482,553,68447
2020-12-21,IT,Italy,EURO,15102,1953584,352,68799
2020-12-22,IT,Italy,EURO,10869,1964453,415,69214
2020-12-23,IT,Italy,EURO,13316,1977769,628,69842
2020-12-24,IT,Italy,EURO,13908,1991677,553,70395
2020-12-25,IT,Italy,EURO,18039,2009716,505,70900
2020-12-26,IT,Italy,EURO,19037,2028753,459,71359
2020-12-27,IT,Italy,EURO,10429,2039182,268,71627
2020-12-28,IT,Italy,EURO,8913,2048095,298,71925
2020-12-29,IT,Italy,EURO,8581,2056676,445,72370
2020-12-30,IT,Italy,EURO,11210,2067886,659,73029
2020-12-31,IT,Italy,EURO,15803,2083689,575,73604
2021-01-01,IT,Italy,EURO,23477,2107166,555,74159
2021-01-02,IT,Italy,EURO,22210,2129376,462,74621
2021-01-03,IT,Italy,EURO,11825,2141201,364,74985
2021-01-04,IT,Italy,EURO,14245,2155446,347,75332
2021-01-05,IT,Italy,EURO,10798,2166244,348,75680
2021-01-06,IT,Italy,EURO,15375,2181619,649,76329
2021-01-07,IT,Italy,EURO,20326,2201945,548,76877
2021-01-08,IT,Italy,EURO,18416,2220361,414,77291
2021-01-09,IT,Italy,EURO,17529,2237890,620,77911
2021-01-10,IT,Italy,EURO,19976,2257866,483,78394
2021-01-11,IT,Italy,EURO,18625,2276491,361,78755
2021-01-12,IT,Italy,EURO,12530,2289021,448,79203
2021-01-13,IT,Italy,EURO,14242,2303263,616,79819
2021-01-14,IT,Italy,EURO,15773,2319036,507,80326
2021-01-15,IT,Italy,EURO,17243,2336279,522,80848
2021-01-16,IT,Italy,EURO,16144,2352423,477,81325
2021-01-17,IT,Italy,EURO,16310,2368733,475,81800
2021-01-18,IT,Italy,EURO,12544,2381277,377,82177
2021-01-19,IT,Italy,EURO,8825,2390102,377,82554
2021-01-20,IT,Italy,EURO,10496,2400598,603,83157
2021-01-21,IT,Italy,EURO,13568,2414166,524,83681
2021-01-22,IT,Italy,EURO,14055,2428221,521,84202
2021-01-23,IT,Italy,EURO,13633,2441854,472,84674
2021-01-24,IT,Italy,EURO,13331,2455185,488,85162
2021-01-25,IT,Italy,EURO,11628,2466813,299,85461
2021-01-26,IT,Italy,EURO,8559,2475372,420,85881
2021-01-27,IT,Italy,EURO,10584,2485956,541,86422
2021-01-28,IT,Italy,EURO,15191,2501147,467,86889
2021-01-29,IT,Italy,EURO,14360,2515507,492,87381
2021-01-30,IT,Italy,EURO,13563,2529070,477,87858
2021-01-31,IT,Italy,EURO,12713,2541783,421,88279
2021-02-01,IT,Italy,EURO,11249,2553032,237,88516
2021-02-02,IT,Italy,EURO,7925,2560957,329,88845
2021-02-03,IT,Italy,EURO,9651,2570608,498,89343
2021-02-04,IT,Italy,EURO,13182,2583790,476,89819
2021-02-05,IT,Italy,EURO,13656,2597446,422,90241
2021-02-06,IT,Italy,EURO,14213,2611659,377,90618
2021-02-07,IT,Italy,EURO,13439,2625098,385,91003
2021-02-08,IT,Italy,EURO,11640,2636738,270,91273
2021-02-09,IT,Italy,EURO,7969,2644707,307,91580
2021-02-10,IT,Italy,EURO,10612,2655319,422,92002
2021-02-11,IT,Italy,EURO,12947,2668266,336,92338
2021-02-12,IT,Italy,EURO,15137,2683403,391,92729
2021-02-13,IT,Italy,EURO,13893,2697296,316,93045
2021-02-14,IT,Italy,EURO,13523,2710819,311,93356
2021-02-15,IT,Italy,EURO,11060,2721879,221,93577
2021-02-16,IT,Italy,EURO,7344,2729223,258,93835
2021-02-17,IT,Italy,EURO,10368,2739591,336,94171
2021-02-18,IT,Italy,EURO,12066,2751657,369,94540
2021-02-19,IT,Italy,EURO,13755,2765412,342,94882
2021-02-20,IT,Italy,EURO,15470,2780882,353,95235
2021-02-21,IT,Italy,EURO,14914,2795796,251,95486
2021-02-22,IT,Italy,EURO,13450,2809246,232,95718
2021-02-23,IT,Italy,EURO,9617,2818863,274,95992
2021-02-24,IT,Italy,EURO,13299,2832162,356,96348
2021-02-25,IT,Italy,EURO,16402,2848564,318,96666
2021-02-26,IT,Italy,EURO,19871,2868435,308,96974
2021-02-27,IT,Italy,EURO,20488,2888923,253,97227
2021-02-28,IT,Italy,EURO,18902,2907825,280,97507
2021-03-01,IT,Italy,EURO,17440,2925265,192,97699
2021-03-02,IT,Italy,EURO,13106,2938371,246,97945
2021-03-03,IT,Italy,EURO,17063,2955434,343,98288
2021-03-04,IT,Italy,EURO,20840,2976274,347,98635
2021-03-05,IT,Italy,EURO,22845,2999119,339,98974
2021-03-06,IT,Italy,EURO,24010,3023129,297,99271
2021-03-07,IT,Italy,EURO,23633,3046762,307,99578
2021-03-08,IT,Italy,EURO,20724,3067486,207,99785
2021-03-09,IT,Italy,EURO,13882,3081368,318,100103
2021-03-10,IT,Italy,EURO,19725,3101093,376,100479
2021-03-11,IT,Italy,EURO,22275,3123368,332,100811
2021-03-12,IT,Italy,EURO,25649,3149017,373,101184
2021-03-13,IT,Italy,EURO,26790,3175807,380,101564
2021-03-14,IT,Italy,EURO,26031,3201838,317,101881
2021-03-15,IT,Italy,EURO,21304,3223142,264,102145
2021-03-16,IT,Italy,EURO,15252,3238394,354,102499
2021-03-17,IT,Italy,EURO,20376,3258770,502,103001
2021-03-18,IT,Italy,EURO,23040,3281810,431,103432
2021-03-19,IT,Italy,EURO,24901,3306711,423,103855
2021-03-20,IT,Italy,EURO,25707,3332418,386,104241
2021-03-21,IT,Italy,EURO,23913,3356331,401,104642
2021-03-22,IT,Italy,EURO,20045,3376376,300,104942
2021-03-23,IT,Italy,EURO,24501,3400877,386,105328
2021-03-24,IT,Italy,EURO,18739,3419616,551,105879
2021-03-25,IT,Italy,EURO,21246,3440862,460,106339
2021-03-26,IT,Italy,EURO,23783,3464645,460,106799
2021-03-27,IT,Italy,EURO,23974,3488619,457,107256
2021-03-28,IT,Italy,EURO,23771,3512390,380,107636
2021-03-29,IT,Italy,EURO,19604,3531994,297,107933
2021-03-30,IT,Italy,EURO,12900,3544894,417,108350
2021-03-31,IT,Italy,EURO,16051,3560945,529,108879
2021-04-01,IT,Italy,EURO,22499,3583444,467,109346
2021-04-02,IT,Italy,EURO,23639,3607083,501,109847
2021-04-03,IT,Italy,EURO,21917,3629000,481,110328
2021-04-04,IT,Italy,EURO,21247,3650247,376,110704
2021-04-05,IT,Italy,EURO,18017,3668264,326,111030
2021-04-06,IT,Italy,EURO,10680,3678944,296,111326
2021-04-07,IT,Italy,EURO,7763,3686707,421,111747
2021-04-08,IT,Italy,EURO,13686,3700393,627,112374
2021-04-09,IT,Italy,EURO,17209,3717602,487,112861
2021-04-10,IT,Italy,EURO,18924,3736526,718,113579
2021-04-11,IT,Italy,EURO,17551,3754077,344,113923
2021-04-12,IT,Italy,EURO,15737,3769814,331,114254
2021-04-13,IT,Italy,EURO,9780,3779594,358,114612
2021-04-14,IT,Italy,EURO,13439,3793033,476,115088
2021-04-15,IT,Italy,EURO,16160,3809193,469,115557
2021-04-16,IT,Italy,EURO,16963,3826156,380,115937
2021-04-17,IT,Italy,EURO,15923,3842079,429,116366
2021-04-18,IT,Italy,EURO,15364,3857443,310,116676
2021-04-19,IT,Italy,EURO,12688,3870131,251,116927
2021-04-20,IT,Italy,EURO,8863,3878994,316,117243
2021-04-21,IT,Italy,EURO,12069,3891063,390,117633
2021-04-22,IT,Italy,EURO,13836,3904899,364,117997
2021-04-23,IT,Italy,EURO,16046,3920945,360,118357
2021-04-24,IT,Italy,EURO,14758,3935703,342,118699
2021-04-25,IT,Italy,EURO,13814,3949517,322,119021
2021-04-26,IT,Italy,EURO,13157,3962674,217,119238
2021-04-27,IT,Italy,EURO,8440,3971114,301,119539
2021-04-28,IT,Italy,EURO,10398,3981512,373,119912
2021-04-29,IT,Italy,EURO,13382,3994894,344,120256
2021-04-30,IT,Italy,EURO,14314,4009208,288,120544
2021-05-01,IT,Italy,EURO,13445,4022653,263,120807
2021-05-02,IT,Italy,EURO,12964,4035617,226,121033
2021-05-03,IT,Italy,EURO,9145,4044762,144,121177
2021-05-04,IT,Italy,EURO,5946,4050708,256,121433
2021-05-05,IT,Italy,EURO,9113,4059821,305,121738
2021-05-06,IT,Italy,EURO,10579,4070400,267,122005
2021-05-07,IT,Italy,EURO,11798,4082198,258,122263
2021-05-08,IT,Italy,EURO,10549,4092747,207,122470
2021-05-09,IT,Italy,EURO,10174,4102921,224,122694
2021-05-10,IT,Italy,EURO,8289,4111210,139,122833
2021-05-11,IT,Italy,EURO,5077,4116287,198,123031
2021-05-12,IT,Italy,EURO,6943,4123230,251,123282
2021-05-13,IT,Italy,EURO,7848,4131078,262,123544
2021-05-14,IT,Italy,EURO,8082,4139160,201,123745
2021-05-15,IT,Italy,EURO,7562,4146722,182,123927
2021-05-16,IT,Italy,EURO,6652,4153374,136,124063
2021-05-17,IT,Italy,EURO,5748,4159122,93,124156
2021-05-18,IT,Italy,EURO,3454,4162576,140,124296
2021-05-19,IT,Italy,EURO,4449,4167025,201,124497
2021-05-20,IT,Italy,EURO,5500,4172525,149,124646
2021-05-21,IT,Italy,EURO,5736,4178261,164,124810
2021-05-22,IT,Italy,EURO,5215,4183476,218,125028
2021-05-23,IT,Italy,EURO,4714,4188190,125,125153
2021-05-24,IT,Italy,EURO,3993,4192183,72,125225
2021-05-25,IT,Italy,EURO,2489,4194672,110,125335
2021-05-26,IT,Italy,EURO,3220,4197892,166,125501
2021-05-27,IT,Italy,EURO,3935,4201827,121,125622
2021-05-28,IT,Italy,EURO,4143,4205970,171,125793
2021-05-29,IT,Italy,EURO,3737,4209707,126,125919
2021-05-30,IT,Italy,EURO,3348,4213055,83,126002
2021-05-31,IT,Italy,EURO,2948,4216003,44,126046
2021-06-01,IT,Italy,EURO,1818,4217821,82,126128
2021-06-02,IT,Italy,EURO,2483,4220304,93,126221
2021-06-03,IT,Italy,EURO,2896,4223200,62,126283
2021-06-04,IT,Italy,EURO,1963,4225163,59,126342
2021-06-05,IT,Italy,EURO,2556,4227719,73,126415
2021-06-06,IT,Italy,EURO,2434,4230153,57,126472
2021-06-07,IT,Italy,EURO,2275,4232428,51,126523
2021-06-08,IT,Italy,EURO,1270,4233698,65,126588
2021-06-09,IT,Italy,EURO,1894,4235592,102,126690
2021-06-10,IT,Italy,EURO,2198,4237790,77,126767
2021-06-11,IT,Italy,EURO,2078,4239868,88,126855
2021-06-12,IT,Italy,EURO,1892,4241760,69,126924
2021-06-13,IT,Italy,EURO,1722,4243482,52,126976
2021-06-14,IT,Italy,EURO,1390,4244872,26,127002
2021-06-15,IT,Italy,EURO,907,4245779,36,127038
2021-06-16,IT,Italy,EURO,1253,4247032,63,127101
2021-06-17,IT,Italy,EURO,1400,4248432,52,127153
2021-06-18,IT,Italy,EURO,1323,4249755,37,127190
2021-06-19,IT,Italy,EURO,1147,4250902,35,127225
2021-06-20,IT,Italy,EURO,1193,4252095,28,127253
2021-06-21,IT,Italy,EURO,881,4252976,17,127270
2021-06-22,IT,Italy,EURO,484,4253460,21,127291
2021-06-23,IT,Italy,EURO,834,4254294,31,127322
2021-06-24,IT,Italy,EURO,1140,4255434,12,127334
2021-06-25,IT,Italy,EURO,266,4255700,28,127362
2021-06-26,IT,Italy,EURO,751,4256451,56,127418
2021-06-27,IT,Italy,EURO,838,4257289,40,127458
2021-06-28,IT,Italy,EURO,780,4258069,14,127472
2021-06-29,IT,Italy,EURO,387,4258456,28,127500
2021-06-30,IT,Italy,EURO,677,4259133,42,127542
2021-07-01,IT,Italy,EURO,776,4259909,24,127566
2021-07-02,IT,Italy,EURO,879,4260788,21,127587
2021-07-03,IT,Italy,EURO,794,4261582,28,127615
2021-07-04,IT,Italy,EURO,929,4262511,22,127637
2021-07-05,IT,Italy,EURO,806,4263317,12,127649
2021-07-06,IT,Italy,EURO,480,4263797,31,127680
2021-07-07,IT,Italy,EURO,907,4264704,24,127704
2021-07-08,IT,Italy,EURO,1010,4265714,14,127718
2021-07-09,IT,Italy,EURO,1391,4267105,13,127731
2021-07-10,IT,Italy,EURO,1386,4268491,25,127756
2021-07-11,IT,Italy,EURO,1394,4269885,12,127768
2021-07-12,IT,Italy,EURO,1391,4271276,7,127775
2021-07-13,IT,Italy,EURO,887,4272163,13,127788
2021-07-14,IT,Italy,EURO,1530,4273693,20,127808
2021-07-15,IT,Italy,EURO,2153,4275846,23,127831
2021-07-16,IT,Italy,EURO,2473,4278319,9,127840
2021-07-17,IT,Italy,EURO,2895,4281214,11,127851
2021-07-18,IT,Italy,EURO,3118,4284332,13,127864
2021-07-19,IT,Italy,EURO,3126,4287458,3,127867
2021-07-20,IT,Italy,EURO,2070,4289528,7,127874
2021-07-21,IT,Italy,EURO,3555,4293083,10,127884
2021-07-22,IT,Italy,EURO,4254,4297337,21,127905
2021-07-23,IT,Italy,EURO,5056,4302393,15,127920
2021-07-24,IT,Italy,EURO,5142,4307535,17,127937
2021-07-25,IT,Italy,EURO,5138,4312673,5,127942
2021-07-26,IT,Italy,EURO,4742,4317415,7,127949
2021-07-27,IT,Italy,EURO,3115,4320530,22,127971
2021-07-28,IT,Italy,EURO,4516,4325046,24,127995
2021-07-29,IT,Italy,EURO,5693,4330739,15,128010
2021-07-30,IT,Italy,EURO,6167,4336906,19,128029
2021-07-31,IT,Italy,EURO,6613,4343519,18,128047
2021-08-01,IT,Italy,EURO,6509,4350028,16,128063
2021-08-02,IT,Italy,EURO,5320,4355348,2,128065
2021-08-03,IT,Italy,EURO,3185,4358533,23,128088
2021-08-04,IT,Italy,EURO,4841,4363374,27,128115
2021-08-05,IT,Italy,EURO,6590,4369964,21,128136
2021-08-06,IT,Italy,EURO,7224,4377188,27,128163
2021-08-07,IT,Italy,EURO,6599,4383787,24,128187
2021-08-08,IT,Italy,EURO,6897,4390684,22,128209
2021-08-09,IT,Italy,EURO,5733,4396417,11,128220
2021-08-10,IT,Italy,EURO,4200,4400617,22,128242
2021-08-11,IT,Italy,EURO,5624,4406241,31,128273
2021-08-12,IT,Italy,EURO,6921,4413162,31,128304
2021-08-13,IT,Italy,EURO,7267,4420429,30,128334
2021-08-14,IT,Italy,EURO,7398,4427827,45,128379
2021-08-15,IT,Italy,EURO,7181,4435008,34,128413
2021-08-16,IT,Italy,EURO,5661,4440669,19,128432
2021-08-17,IT,Italy,EURO,3669,4444338,24,128456
2021-08-18,IT,Italy,EURO,5268,4449606,54,128510
2021-08-19,IT,Italy,EURO,7159,4456765,69,128579
2021-08-20,IT,Italy,EURO,7240,4464005,55,128634
2021-08-21,IT,Italy,EURO,7220,4471225,49,128683
2021-08-22,IT,Italy,EURO,7466,4478691,45,128728
2021-08-23,IT,Italy,EURO,5922,4484613,23,128751
2021-08-24,IT,Italy,EURO,4166,4488779,44,128795
2021-08-25,IT,Italy,EURO,6078,4494857,60,128855
2021-08-26,IT,Italy,EURO,7539,4502396,59,128914
2021-08-27,IT,Italy,EURO,7215,4509611,43,128957
2021-08-28,IT,Italy,EURO,7823,4517434,45,129002
2021-08-29,IT,Italy,EURO,6858,4524292,54,129056
2021-08-30,IT,Italy,EURO,5954,4530246,37,129093
2021-08-31,IT,Italy,EURO,4253,4534499,53,129146
2021-09-01,IT,Italy,EURO,5492,4539991,75,129221
2021-09-02,IT,Italy,EURO,6496,4546487,69,129290
2021-09-03,IT,Italy,EURO,6754,4553241,62,129352
2021-09-04,IT,Italy,EURO,6729,4559970,58,129410
2021-09-05,IT,Italy,EURO,6156,4566126,56,129466
2021-09-06,IT,Italy,EURO,5314,4571440,49,129515
2021-09-07,IT,Italy,EURO,3347,4574787,52,129567
2021-09-08,IT,Italy,EURO,4715,4579502,71,129638
2021-09-09,IT,Italy,EURO,5921,4585423,69,129707
2021-09-10,IT,Italy,EURO,5518,4590941,59,129766
2021-09-11,IT,Italy,EURO,5617,4596558,62,129828
2021-09-12,IT,Italy,EURO,5191,4601749,57,129885
2021-09-13,IT,Italy,EURO,4664,4606413,34,129919
2021-09-14,IT,Italy,EURO,2792,4609205,36,129955
2021-09-15,IT,Italy,EURO,4009,4613214,72,130027
2021-09-16,IT,Italy,EURO,4826,4618040,73,130100
2021-09-17,IT,Italy,EURO,5115,4623155,67,130167
2021-09-18,IT,Italy,EURO,4544,4627699,66,130233
2021-09-19,IT,Italy,EURO,4576,4632275,51,130284
2021-09-20,IT,Italy,EURO,3836,4636111,26,130310
2021-09-21,IT,Italy,EURO,2405,4638516,44,130354
2021-09-22,IT,Italy,EURO,3374,4641890,67,130421
2021-09-23,IT,Italy,EURO,3963,4645853,67,130488
2021-09-24,IT,Italy,EURO,4053,4649906,63,130551
2021-09-25,IT,Italy,EURO,3790,4653696,52,130603
2021-09-26,IT,Italy,EURO,3519,4657215,50,130653
2021-09-27,IT,Italy,EURO,3099,4660314,44,130697
2021-09-28,IT,Italy,EURO,1773,4662087,45,130742
2021-09-29,IT,Italy,EURO,2962,4665049,65,130807
2021-09-30,IT,Italy,EURO,3212,4668261,63,130870
2021-10-01,IT,Italy,EURO,4094,4672355,51,130921
2021-10-02,IT,Italy,EURO,3403,4675758,52,130973
2021-10-03,IT,Italy,EURO,3309,4679067,25,130998
2021-10-04,IT,Italy,EURO,2967,4682034,33,131031
2021-10-05,IT,Italy,EURO,1612,4683646,37,131068
2021-10-06,IT,Italy,EURO,2463,4686109,50,131118
2021-10-07,IT,Italy,EURO,3232,4689341,39,131157
2021-10-08,IT,Italy,EURO,2933,4692274,41,131198
2021-10-09,IT,Italy,EURO,3017,4695291,30,131228
2021-10-10,IT,Italy,EURO,2747,4698038,46,131274
2021-10-11,IT,Italy,EURO,2278,4700316,27,131301
2021-10-12,IT,Italy,EURO,1516,4701832,34,131335
2021-10-13,IT,Italy,EURO,2486,4704318,49,131384
2021-10-14,IT,Italy,EURO,2769,4707087,37,131421
2021-10-15,IT,Italy,EURO,2666,4709753,40,131461
2021-10-16,IT,Italy,EURO,2729,4712482,42,131503
2021-10-17,IT,Italy,EURO,2982,4715464,14,131517
2021-10-18,IT,Italy,EURO,2435,4717899,24,131541
2021-10-19,IT,Italy,EURO,1594,4719493,44,131585
2021-10-20,IT,Italy,EURO,2695,4722188,70,131655
2021-10-21,IT,Italy,EURO,3699,4725887,33,131688
2021-10-22,IT,Italy,EURO,3791,4729678,36,131724
2021-10-23,IT,Italy,EURO,3879,4733557,39,131763
2021-10-24,IT,Italy,EURO,3905,4737462,39,131802
2021-10-25,IT,Italy,EURO,3723,4741185,24,131826
2021-10-26,IT,Italy,EURO,2535,4743720,30,131856
2021-10-27,IT,Italy,EURO,4053,4747773,48,131904
2021-10-28,IT,Italy,EURO,4595,4752368,50,131954
2021-10-29,IT,Italy,EURO,4863,4757231,50,132004
2021-10-30,IT,Italy,EURO,5332,4762563,33,132037
2021-10-31,IT,Italy,EURO,4877,4767440,37,132074
2021-11-01,IT,Italy,EURO,4525,4771965,26,132100
2021-11-02,IT,Italy,EURO,2818,4774783,20,132120
2021-11-03,IT,Italy,EURO,2831,4777614,41,132161
2021-11-04,IT,Italy,EURO,5188,4782802,63,132224
2021-11-05,IT,Italy,EURO,5902,4788704,59,132283
2021-11-06,IT,Italy,EURO,6761,4795465,51,132334
2021-11-07,IT,Italy,EURO,6760,4802225,31,132365
2021-11-08,IT,Italy,EURO,5822,4808047,20,132385
2021-11-09,IT,Italy,EURO,4547,4812594,38,132423
2021-11-10,IT,Italy,EURO,6111,4818705,68,132491
2021-11-11,IT,Italy,EURO,8033,4826738,60,132551
2021-11-12,IT,Italy,EURO,8697,4835435,67,132618
2021-11-13,IT,Italy,EURO,8522,4843957,68,132686
2021-11-14,IT,Italy,EURO,8539,4852496,53,132739
2021-11-15,IT,Italy,EURO,7565,4860061,36,132775
2021-11-16,IT,Italy,EURO,5199,4865260,44,132819
2021-11-17,IT,Italy,EURO,7815,4873075,74,132893
2021-11-18,IT,Italy,EURO,10167,4883242,72,132965
2021-11-19,IT,Italy,EURO,10645,4893887,69,133034
2021-11-20,IT,Italy,EURO,10554,4904441,48,133082
2021-11-21,IT,Italy,EURO,11540,4915981,49,133131
2021-11-22,IT,Italy,EURO,9707,4925688,46,133177
2021-11-23,IT,Italy,EURO,6403,4932091,70,133247
2021-11-24,IT,Italy,EURO,10044,4942135,83,133330
2021-11-25,IT,Italy,EURO,12450,4954585,85,133415
2021-11-26,IT,Italy,EURO,13756,4968341,71,133486
2021-11-27,IT,Italy,EURO,13681,4982022,51,133537
2021-11-28,IT,Italy,EURO,12869,4994891,90,133627
2021-11-29,IT,Italy,EURO,12927,5007818,47,133674
2021-11-30,IT,Italy,EURO,7972,5015790,65,133739
2021-12-01,IT,Italy,EURO,12757,5028547,89,133828
2021-12-02,IT,Italy,EURO,15073,5043620,103,133931
2021-12-03,IT,Italy,EURO,16810,5060430,72,134003
2021-12-04,IT,Italy,EURO,17015,5077445,74,134077
2021-12-05,IT,Italy,EURO,16627,5094072,75,134152
2021-12-06,IT,Italy,EURO,15010,5109082,43,134195
2021-12-07,IT,Italy,EURO,9494,5118576,92,134287
2021-12-08,IT,Italy,EURO,15742,5134318,99,134386
2021-12-09,IT,Italy,EURO,17946,5152264,86,134472
2021-12-10,IT,Italy,EURO,12516,5164780,79,134551
2021-12-11,IT,Italy,EURO,20490,5185270,118,134669
2021-12-12,IT,Italy,EURO,21035,5206305,96,134765
2021-12-13,IT,Italy,EURO,19212,5225517,66,134831
2021-12-14,IT,Italy,EURO,12704,5238221,98,134929
2021-12-15,IT,Italy,EURO,20665,5258886,120,135049
2021-12-16,IT,Italy,EURO,23190,5282076,129,135178
2021-12-17,IT,Italy,EURO,26104,5308180,123,135301
2021-12-18,IT,Italy,EURO,28615,5336795,120,135421
2021-12-19,IT,Italy,EURO,28057,5364852,123,135544
2021-12-20,IT,Italy,EURO,24303,5389155,97,135641
2021-12-21,IT,Italy,EURO,16205,5405360,137,135778
2021-12-22,IT,Italy,EURO,30783,5436143,153,135931
2021-12-23,IT,Italy,EURO,36326,5472469,146,136077
2021-12-24,IT,Italy,EURO,44585,5517054,168,136245
2021-12-25,IT,Italy,EURO,50590,5567644,141,136386
2021-12-26,IT,Italy,EURO,54787,5622431,144,136530
2021-12-27,IT,Italy,EURO,24882,5647313,81,136611
2021-12-28,IT,Italy,EURO,30799,5678112,142,136753
2021-12-29,IT,Italy,EURO,78300,5756412,190,136943
2021-12-30,IT,Italy,EURO,98016,5854428,148,137091
2021-12-31,IT,Italy,EURO,127000,5981428,156,137247
2022-01-01,IT,Italy,EURO,144255,6125683,155,137402
2022-01-02,IT,Italy,EURO,141352,6267035,111,137513
2022-01-03,IT,Italy,EURO,61041,6328076,133,137646
2022-01-04,IT,Italy,EURO,68034,6396110,140,137786
2022-01-05,IT,Italy,EURO,170837,6566947,259,138045
2022-01-06,IT,Italy,EURO,189088,6756035,231,138276
2022-01-07,IT,Italy,EURO,219430,6975465,198,138474
2022-01-08,IT,Italy,EURO,108297,7083762,223,138697
2022-01-09,IT,Italy,EURO,197535,7281297,184,138881
2022-01-10,IT,Italy,EURO,155642,7436939,157,139038
2022-01-11,IT,Italy,EURO,117405,7554344,227,139265
2022-01-12,IT,Italy,EURO,220519,7774863,294,139559
2022-01-13,IT,Italy,EURO,196205,7971068,313,139872
2022-01-14,IT,Italy,EURO,184577,8155645,316,140188
2022-01-15,IT,Italy,EURO,200869,8356514,360,140548
2022-01-16,IT,Italy,EURO,192936,8549450,308,140856
2022-01-17,IT,Italy,EURO,157465,8706915,248,141104
2022-01-18,IT,Italy,EURO,83387,8790302,287,141391
2022-01-19,IT,Italy,EURO,228123,9018425,434,141825
2022-01-20,IT,Italy,EURO,200966,9219391,380,142205
2022-01-21,IT,Italy,EURO,198865,9418256,385,142590
2022-01-22,IT,Italy,EURO,185600,9603856,373,142963
2022-01-23,IT,Italy,EURO,177335,9781191,333,143296
2022-01-24,IT,Italy,EURO,142487,9923678,227,143523
2022-01-25,IT,Italy,EURO,77666,10001344,352,143875
2022-01-26,IT,Italy,EURO,215051,10216395,469,144344
2022-01-27,IT,Italy,EURO,167166,10383561,426,144770
2022-01-28,IT,Italy,EURO,156040,10539601,389,145159
2022-01-29,IT,Italy,EURO,144347,10683948,378,145537
2022-01-30,IT,Italy,EURO,137427,10821375,377,145914
2022-01-31,IT,Italy,EURO,104110,10925485,235,146149
2022-02-01,IT,Italy,EURO,57631,10983116,349,146498
2022-02-02,IT,Italy,EURO,133306,11116422,427,146925
2022-02-03,IT,Italy,EURO,119323,11235745,395,147320
2022-02-04,IT,Italy,EURO,112956,11348701,414,147734
2022-02-05,IT,Italy,EURO,100900,11449601,433,148167
2022-02-06,IT,Italy,EURO,93192,11542793,375,148542
2022-02-07,IT,Italy,EURO,78943,11621736,229,148771
2022-02-08,IT,Italy,EURO,41602,11663338,326,149097
2022-02-09,IT,Italy,EURO,102429,11765767,415,149512
2022-02-10,IT,Italy,EURO,81669,11847436,384,149896
2022-02-11,IT,Italy,EURO,76195,11923631,325,150221
2022-02-12,IT,Italy,EURO,67478,11991109,334,150555
2022-02-13,IT,Italy,EURO,62221,12053330,269,150824
2022-02-14,IT,Italy,EURO,52345,12105675,191,151015
2022-02-15,IT,Italy,EURO,28776,12134451,281,151296
2022-02-16,IT,Italy,EURO,71023,12205474,388,151684
2022-02-17,IT,Italy,EURO,59869,12265343,278,151962
2022-02-18,IT,Italy,EURO,58055,12323398,320,152282
2022-02-19,IT,Italy,EURO,53700,12377098,314,152596
2022-02-20,IT,Italy,EURO,50675,12427773,252,152848
2022-02-21,IT,Italy,EURO,42202,12469975,141,152989
2022-02-22,IT,Italy,EURO,24484,12494459,201,153190
2022-02-23,IT,Italy,EURO,60137,12554596,322,153512
2022-02-24,IT,Italy,EURO,49162,12603758,252,153764
2022-02-25,IT,Italy,EURO,47493,12651251,249,154013
2022-02-26,IT,Italy,EURO,42069,12693320,193,154206
2022-02-27,IT,Italy,EURO,39360,12732680,210,154416
2022-02-28,IT,Italy,EURO,31878,12764558,144,154560
2022-03-01,IT,Italy,EURO,18278,12782836,207,154767
2022-03-02,IT,Italy,EURO,47136,12829972,233,155000
2022-03-03,IT,Italy,EURO,37946,12867918,214,155214
2022-03-04,IT,Italy,EURO,42588,12910506,185,155399
2022-03-05,IT,Italy,EURO,38353,12948859,210,155609
2022-03-06,IT,Italy,EURO,41364,12990223,173,155782
2022-03-07,IT,Italy,EURO,35889,13026112,105,155887
2022-03-08,IT,Italy,EURO,22662,13048774,130,156017
2022-03-09,IT,Italy,EURO,60753,13109527,184,156201
2022-03-10,IT,Italy,EURO,49815,13159342,156,156357
2022-03-11,IT,Italy,EURO,55156,13214498,136,156493
2022-03-12,IT,Italy,EURO,53961,13268459,156,156649
2022-03-13,IT,Italy,EURO,54669,13323128,133,156782
2022-03-14,IT,Italy,EURO,50079,13373207,86,156868
2022-03-15,IT,Italy,EURO,29698,13402905,129,156997
2022-03-16,IT,Italy,EURO,86414,13489319,180,157177
2022-03-17,IT,Italy,EURO,74147,13563466,137,157314
2022-03-18,IT,Italy,EURO,82368,13645834,128,157442
2022-03-19,IT,Italy,EURO,78577,13724411,165,157607
2022-03-20,IT,Italy,EURO,75768,13800179,85,157692
2022-03-21,IT,Italy,EURO,61564,13861743,93,157785
2022-03-22,IT,Italy,EURO,33445,13895188,119,157904
2022-03-23,IT,Italy,EURO,96904,13992092,197,158101
2022-03-24,IT,Italy,EURO,78358,14070450,153,158254
2022-03-25,IT,Italy,EURO,82648,14153098,182,158436
2022-03-26,IT,Italy,EURO,76397,14229495,146,158582
2022-03-27,IT,Italy,EURO,74616,14304111,118,158700
2022-03-28,IT,Italy,EURO,60612,14364723,82,158782
2022-03-29,IT,Italy,EURO,31560,14396283,95,158877
2022-03-30,IT,Italy,EURO,100296,14496579,177,159054
2022-03-31,IT,Italy,EURO,71411,14567990,170,159224
2022-04-01,IT,Italy,EURO,74364,14642354,159,159383
2022-04-02,IT,Italy,EURO,77040,14719394,154,159537
2022-04-03,IT,Italy,EURO,71412,14790806,129,159666
2022-04-04,IT,Italy,EURO,55009,14845815,118,159784
2022-04-05,IT,Italy,EURO,31329,14877144,125,159909
2022-04-06,IT,Italy,EURO,88914,14966058,194,160103
2022-04-07,IT,Italy,EURO,69885,15035943,149,160252
2022-04-08,IT,Italy,EURO,70123,15106066,150,160402
2022-04-09,IT,Italy,EURO,67641,15173707,144,160546
2022-04-10,IT,Italy,EURO,64421,15238128,112,160658
2022-04-11,IT,Italy,EURO,53920,15292048,90,160748
2022-04-12,IT,Italy,EURO,28705,15320753,115,160863
2022-04-13,IT,Italy,EURO,84056,15404809,169,161032
2022-04-14,IT,Italy,EURO,62586,15467395,155,161187
2022-04-15,IT,Italy,EURO,65617,15533012,149,161336
2022-04-16,IT,Italy,EURO,62290,15595302,133,161469
2022-04-17,IT,Italy,EURO,64533,15659835,133,161602
2022-04-18,IT,Italy,EURO,52253,15712088,85,161687
2022-04-19,IT,Italy,EURO,18588,15730676,79,161766
2022-04-20,IT,Italy,EURO,27326,15758002,127,161893
2022-04-21,IT,Italy,EURO,100440,15858442,205,162098
2022-04-22,IT,Italy,EURO,75995,15934437,166,162264
2022-04-23,IT,Italy,EURO,73744,16008181,202,162466
2022-04-24,IT,Italy,EURO,71028,16079209,143,162609
2022-04-25,IT,Italy,EURO,56848,16136057,79,162688
2022-04-26,IT,Italy,EURO,25282,16161339,93,162781
2022-04-27,IT,Italy,EURO,29984,16191323,146,162927
2022-04-28,IT,Italy,EURO,88431,16279754,186,163113
2022-04-29,IT,Italy,EURO,70034,16349788,131,163244
2022-04-30,IT,Italy,EURO,59395,16409183,133,163377
2022-05-01,IT,Italy,EURO,54017,16463200,130,163507
2022-05-02,IT,Italy,EURO,41591,16504791,105,163612
2022-05-03,IT,Italy,EURO,19068,16523859,124,163736
2022-05-04,IT,Italy,EURO,62409,16586268,153,163889
2022-05-05,IT,Italy,EURO,47643,16633911,152,164041
2022-05-06,IT,Italy,EURO,48715,16682626,138,164179
2022-05-07,IT,Italy,EURO,44364,16726990,125,164304
2022-05-08,IT,Italy,EURO,40783,16767773,113,164417
2022-05-09,IT,Italy,EURO,31225,16798998,72,164489
2022-05-10,IT,Italy,EURO,17421,16816419,84,164573
2022-05-11,IT,Italy,EURO,56199,16872618,158,164731
2022-05-12,IT,Italy,EURO,42683,16915301,115,164846
2022-05-13,IT,Italy,EURO,39483,16954784,130,164976
2022-05-14,IT,Italy,EURO,39029,16993813,115,165091
2022-05-15,IT,Italy,EURO,36334,17030147,91,165182
2022-05-16,IT,Italy,EURO,27726,17057873,62,165244
2022-05-17,IT,Italy,EURO,13776,17071649,102,165346
2022-05-18,IT,Italy,EURO,44901,17116550,148,165494
2022-05-19,IT,Italy,EURO,30927,17147477,136,165630
2022-05-20,IT,Italy,EURO,30722,17178199,108,165738
2022-05-21,IT,Italy,EURO,26818,17205017,89,165827
2022-05-22,IT,Italy,EURO,24246,17229263,91,165918
2022-05-23,IT,Italy,EURO,18289,17247552,34,165952
2022-05-24,IT,Italy,EURO,10021,17257573,80,166032
2022-05-25,IT,Italy,EURO,31860,17289433,118,166150
2022-05-26,IT,Italy,EURO,22999,17312432,114,166264
2022-05-27,IT,Italy,EURO,22636,17335068,107,166371
2022-05-28,IT,Italy,EURO,20051,17355119,105,166476
2022-05-29,IT,Italy,EURO,18622,17373741,66,166542
2022-05-30,IT,Italy,EURO,15136,17388877,27,166569
2022-05-31,IT,Italy,EURO,7846,17396723,62,166631
2022-06-01,IT,Italy,EURO,24687,17421410,66,166697
2022-06-02,IT,Italy,EURO,18822,17440232,59,166756
2022-06-03,IT,Italy,EURO,17718,17457950,79,166835
2022-06-04,IT,Italy,EURO,9692,17467642,40,166875
2022-06-05,IT,Italy,EURO,22809,17490451,47,166922
2022-06-06,IT,Italy,EURO,15522,17505973,27,166949
2022-06-07,IT,Italy,EURO,8616,17514589,70,167019
2022-06-08,IT,Italy,EURO,28547,17543136,70,167089
2022-06-09,IT,Italy,EURO,22925,17566061,80,167169
2022-06-10,IT,Italy,EURO,23534,17589595,73,167242
2022-06-11,IT,Italy,EURO,22012,17611607,63,167305
2022-06-12,IT,Italy,EURO,22458,17634065,60,167365
2022-06-13,IT,Italy,EURO,19310,17653375,26,167391
2022-06-14,IT,Italy,EURO,10668,17664043,41,167432
2022-06-15,IT,Italy,EURO,39844,17703887,73,167505
2022-06-16,IT,Italy,EURO,32809,17736696,48,167553
2022-06-17,IT,Italy,EURO,37068,17773764,64,167617
2022-06-18,IT,Italy,EURO,36170,17809934,41,167658
2022-06-19,IT,Italy,EURO,34971,17844905,45,167703
2022-06-20,IT,Italy,EURO,34255,17879160,18,167721
2022-06-21,IT,Italy,EURO,16905,17896065,59,167780
2022-06-22,IT,Italy,EURO,63264,17959329,62,167842
2022-06-23,IT,Italy,EURO,54873,18014202,50,167892
2022-06-24,IT,Italy,EURO,57432,18071634,75,167967
2022-06-25,IT,Italy,EURO,56410,18128044,51,168018
2022-06-26,IT,Italy,EURO,56873,18184917,40,168058
2022-06-27,IT,Italy,EURO,49325,18234242,44,168102
2022-06-28,IT,Italy,EURO,25019,18259261,63,168165
2022-06-29,IT,Italy,EURO,84161,18343422,69,168234
2022-06-30,IT,Italy,EURO,95455,18438877,60,168294
2022-07-01,IT,Italy,EURO,84234,18523111,59,168353
2022-07-02,IT,Italy,EURO,86900,18610011,72,168425
2022-07-03,IT,Italy,EURO,85943,18695954,63,168488
2022-07-04,IT,Italy,EURO,72917,18768871,57,168545
2022-07-05,IT,Italy,EURO,36885,18805756,59,168604
2022-07-06,IT,Italy,EURO,133015,18938771,94,168698
2022-07-07,IT,Italy,EURO,110017,19048788,72,168770
2022-07-08,IT,Italy,EURO,108386,19157174,94,168864
2022-07-09,IT,Italy,EURO,101863,19259037,105,168969
2022-07-10,IT,Italy,EURO,98901,19357938,93,169062
2022-07-11,IT,Italy,EURO,81563,19439501,44,169106
2022-07-12,IT,Italy,EURO,83761,19523262,127,169233
2022-07-13,IT,Italy,EURO,144058,19667320,157,169390
2022-07-14,IT,Italy,EURO,111591,19778911,106,169496
2022-07-15,IT,Italy,EURO,108632,19887543,105,169601
2022-07-16,IT,Italy,EURO,97936,19985479,134,169735
2022-07-17,IT,Italy,EURO,91384,20076863,111,169846
2022-07-18,IT,Italy,EURO,68996,20145859,79,169925
2022-07-19,IT,Italy,EURO,32051,20177910,112,170037
2022-07-20,IT,Italy,EURO,121103,20299013,176,170213
2022-07-21,IT,Italy,EURO,86801,20385814,157,170370
2022-07-22,IT,Italy,EURO,81535,20467349,157,170527
2022-07-23,IT,Italy,EURO,71667,20539016,155,170682
2022-07-24,IT,Italy,EURO,69174,20608190,116,170798
2022-07-25,IT,Italy,EURO,51875,20660065,77,170875
2022-07-26,IT,Italy,EURO,24117,20684182,104,170979
2022-07-27,IT,Italy,EURO,88651,20772833,253,171232
2022-07-28,IT,Italy,EURO,64400,20837233,207,171439
2022-07-29,IT,Italy,EURO,60826,20898059,199,171638
2022-07-30,IT,Italy,EURO,54417,20952476,244,171882
2022-07-31,IT,Italy,EURO,50297,21002773,121,172003
2022-08-01,IT,Italy,EURO,37252,21040025,83,172086
2022-08-02,IT,Italy,EURO,19520,21059545,121,172207
2022-08-03,IT,Italy,EURO,65099,21124644,190,172397
2022-08-04,IT,Italy,EURO,45956,21170600,171,172568
2022-08-05,IT,Italy,EURO,42959,21213559,161,172729
2022-08-06,IT,Italy,EURO,38215,21251774,175,172904
2022-08-07,IT,Italy,EURO,34997,21286771,158,173062
2022-08-08,IT,Italy,EURO,26656,21313427,74,173136
2022-08-09,IT,Italy,EURO,11975,21325402,113,173249
2022-08-10,IT,Italy,EURO,43078,21368480,177,173426
2022-08-11,IT,Italy,EURO,31699,21400179,145,173571
2022-08-12,IT,Italy,EURO,28423,21428602,130,173701
2022-08-13,IT,Italy,EURO,26689,21455291,152,173853
2022-08-14,IT,Italy,EURO,24785,21480076,129,173982
2022-08-15,IT,Italy,EURO,19455,21499531,78,174060
2022-08-16,IT,Italy,EURO,9893,21509424,42,174102
2022-08-17,IT,Italy,EURO,8941,21518365,70,174172
2022-08-18,IT,Italy,EURO,36261,21554626,128,174300
2022-08-19,IT,Italy,EURO,27291,21581917,147,174447
2022-08-20,IT,Italy,EURO,24689,21606606,124,174571
2022-08-21,IT,Italy,EURO,24392,21630998,88,174659
2022-08-22,IT,Italy,EURO,19470,21650468,63,174722
2022-08-23,IT,Italy,EURO,10417,21660885,75,174797
2022-08-24,IT,Italy,EURO,35357,21696242,134,174931
2022-08-25,IT,Italy,EURO,25388,21721630,112,175043
2022-08-26,IT,Italy,EURO,23435,21745065,84,175127
2022-08-27,IT,Italy,EURO,21995,21767060,99,175226
2022-08-28,IT,Italy,EURO,21802,21788862,80,175306
2022-08-29,IT,Italy,EURO,17647,21806509,41,175347
2022-08-30,IT,Italy,EURO,8347,21814856,60,175407
2022-08-31,IT,Italy,EURO,31087,21845943,98,175505
2022-09-01,IT,Italy,EURO,21814,21867757,90,175595
2022-09-02,IT,Italy,EURO,20498,21888255,68,175663
2022-09-03,IT,Italy,EURO,19158,21907413,91,175754
2022-09-04,IT,Italy,EURO,17660,21925073,48,175802
2022-09-05,IT,Italy,EURO,13196,21938269,30,175832
2022-09-06,IT,Italy,EURO,6608,21944877,40,175872
2022-09-07,IT,Italy,EURO,24848,21969725,80,175952
2022-09-08,IT,Italy,EURO,17570,21987295,57,176009
2022-09-09,IT,Italy,EURO,17317,22004612,89,176098
2022-09-10,IT,Italy,EURO,15542,22020154,59,176157
2022-09-11,IT,Italy,EURO,15563,22035717,18,176175
2022-09-12,IT,Italy,EURO,12315,22048032,34,176209
2022-09-13,IT,Italy,EURO,6411,22054443,33,176242
2022-09-14,IT,Italy,EURO,23158,22077601,93,176335
2022-09-15,IT,Italy,EURO,18849,22096450,69,176404
2022-09-16,IT,Italy,EURO,17973,22114423,60,176464
2022-09-17,IT,Italy,EURO,17362,22131785,44,176508
2022-09-18,IT,Italy,EURO,17150,22148935,38,176546
2022-09-19,IT,Italy,EURO,12081,22161016,32,176578
2022-09-20,IT,Italy,EURO,8257,22169273,31,176609
2022-09-21,IT,Italy,EURO,28385,22197658,60,176669
2022-09-22,IT,Italy,EURO,21188,22218846,46,176715
2022-09-23,IT,Italy,EURO,22523,22241369,60,176775
2022-09-24,IT,Italy,EURO,21083,22262452,49,176824
2022-09-25,IT,Italy,EURO,22360,22284812,43,176867
2022-09-26,IT,Italy,EURO,18794,22303606,13,176880
2022-09-27,IT,Italy,EURO,10006,22313612,32,176912
2022-09-28,IT,Italy,EURO,44875,22358487,64,176976
2022-09-29,IT,Italy,EURO,36795,22395282,48,177024
2022-09-30,IT,Italy,EURO,37521,22432803,30,177054
2022-10-01,IT,Italy,EURO,34475,22467278,38,177092
2022-10-02,IT,Italy,EURO,33068,22500346,38,177130
2022-10-03,IT,Italy,EURO,28906,22529252,20,177150
2022-10-04,IT,Italy,EURO,13316,22542568,47,177197
2022-10-05,IT,Italy,EURO,60272,22602840,60,177257
2022-10-06,IT,Italy,EURO,45223,22648063,43,177300
2022-10-07,IT,Italy,EURO,44849,22692912,56,177356
2022-10-08,IT,Italy,EURO,44665,22737577,62,177418
2022-10-09,IT,Italy,EURO,43716,22781293,60,177478
2022-10-10,IT,Italy,EURO,34443,22815736,41,177519
2022-10-11,IT,Italy,EURO,15089,22830825,51,177570
2022-10-12,IT,Italy,EURO,65917,22896742,80,177650
2022-10-13,IT,Italy,EURO,47754,22944496,69,177719
2022-10-14,IT,Italy,EURO,45705,22990201,66,177785
2022-10-15,IT,Italy,EURO,40576,23030777,98,177883
2022-10-16,IT,Italy,EURO,38968,23069745,73,177956
2022-10-17,IT,Italy,EURO,30238,23099983,32,177988
2022-10-18,IT,Italy,EURO,14030,23114013,93,178081
2022-10-19,IT,Italy,EURO,58357,23172370,113,178194
2022-10-20,IT,Italy,EURO,41703,23214073,81,178275
2022-10-21,IT,Italy,EURO,40560,23254633,84,178359
2022-10-22,IT,Italy,EURO,36114,23290747,91,178450
2022-10-23,IT,Italy,EURO,31775,23322522,92,178542
2022-10-24,IT,Italy,EURO,25553,23348075,52,178594
2022-10-25,IT,Italy,EURO,11605,23359680,39,178633
2022-10-26,IT,Italy,EURO,48713,23408393,120,178753
2022-10-27,IT,Italy,EURO,35036,23443429,93,178846
2022-10-28,IT,Italy,EURO,31758,23475187,94,178940
2022-10-29,IT,Italy,EURO,29037,23504224,85,179025
2022-10-30,IT,Italy,EURO,26799,23531023,76,179101
2022-10-31,IT,Italy,EURO,18500,23549523,53,179154
2022-11-01,IT,Italy,EURO,7968,23557491,53,179207
2022-11-02,IT,Italy,EURO,31419,23588910,82,179289
2022-11-03,IT,Italy,EURO,14106,23603016,60,179349
2022-11-04,IT,Italy,EURO,38995,23642011,87,179436
2022-11-05,IT,Italy,EURO,28421,23670432,118,179554
2022-11-06,IT,Italy,EURO,26580,23697012,101,179655
2022-11-07,IT,Italy,EURO,20666,23717678,45,179700
2022-11-08,IT,Italy,EURO,10241,23727919,53,179753
2022-11-09,IT,Italy,EURO,38905,23766824,86,179839
2022-11-10,IT,Italy,EURO,28172,23794996,81,179920
2022-11-11,IT,Italy,EURO,28196,23823192,65,179985
2022-11-12,IT,Italy,EURO,27233,23850425,84,180069
2022-11-13,IT,Italy,EURO,27768,23878193,70,180139
2022-11-14,IT,Italy,EURO,22801,23900994,46,180185
2022-11-15,IT,Italy,EURO,11313,23912307,66,180251
2022-11-16,IT,Italy,EURO,47334,23959641,106,180357
2022-11-17,IT,Italy,EURO,36187,23995828,88,180445
2022-11-18,IT,Italy,EURO,35710,24031538,73,180518
2022-11-19,IT,Italy,EURO,34830,24066368,85,180603
2022-11-20,IT,Italy,EURO,32838,24099206,76,180679
2022-11-21,IT,Italy,EURO,25955,24125161,37,180716
2022-11-22,IT,Italy,EURO,12671,24137832,66,180782
2022-11-23,IT,Italy,EURO,50281,24188113,117,180899
2022-11-24,IT,Italy,EURO,35640,24223753,110,181009
2022-11-25,IT,Italy,EURO,36907,24260660,89,181098
2022-11-26,IT,Italy,EURO,34596,24295256,84,181182
2022-11-27,IT,Italy,EURO,32408,24327664,89,181271
2022-11-28,IT,Italy,EURO,23956,24351620,51,181322
2022-11-29,IT,Italy,EURO,12266,24363886,81,181403
2022-11-30,IT,Italy,EURO,50620,24414506,141,181544
2022-12-01,IT,Italy,EURO,36977,24451483,86,181630
2022-12-02,IT,Italy,EURO,36597,24488080,103,181733
2022-12-03,IT,Italy,EURO,33849,24521929,106,181839
2022-12-04,IT,Italy,EURO,33527,24555456,105,181944
2022-12-05,IT,Italy,EURO,25414,24580870,45,181989
2022-12-06,IT,Italy,EURO,12547,24593417,67,182056
2022-12-07,IT,Italy,EURO,49463,24642880,166,182222
2022-12-08,IT,Italy,EURO,35365,24678245,102,182324
2022-12-09,IT,Italy,EURO,31159,24709404,95,182419
2022-12-10,IT,Italy,EURO,11106,24720510,90,182509
2022-12-11,IT,Italy,EURO,33379,24753889,110,182619
2022-12-12,IT,Italy,EURO,23241,24777130,48,182667
2022-12-13,IT,Italy,EURO,11654,24788784,74,182741
2022-12-14,IT,Italy,EURO,42457,24831241,142,182883
2022-12-15,IT,Italy,EURO,27870,24859111,143,183026
2022-12-16,IT,Italy,EURO,24923,24884034,112,183138
2022-12-17,IT,Italy,EURO,23074,24907108,131,183269
2022-12-18,IT,Italy,EURO,20968,24928076,101,183370
2022-12-19,IT,Italy,EURO,16266,24944342,68,183438
2022-12-20,IT,Italy,EURO,8545,24952887,84,183522
2022-12-21,IT,Italy,EURO,28475,24981362,117,183639
2022-12-22,IT,Italy,EURO,20680,25002042,141,183780
2022-12-23,IT,Italy,EURO,19564,25021606,156,183936
2022-12-24,IT,Italy,EURO,19132,25040738,134,184070
2022-12-25,IT,Italy,EURO,19765,25060503,98,184168
2022-12-26,IT,Italy,EURO,15974,25076477,44,184212
2022-12-27,IT,Italy,EURO,4528,25081005,36,184248
2022-12-28,IT,Italy,EURO,8322,25089327,76,184324
2022-12-29,IT,Italy,EURO,29761,25119088,204,184528
2022-12-30,IT,Italy,EURO,24617,25143705,114,184642
2022-12-31,IT,Italy,EURO,24733,25168438,150,184792
2023-01-01,IT,Italy,EURO,24393,25192831,126,184918
2023-01-02,IT,Italy,EURO,17240,25210071,54,184972
2023-01-03,IT,Italy,EURO,5430,25215501,86,185058
2023-01-04,IT,Italy,EURO,27102,25242603,140,185198
2023-01-05,IT,Italy,EURO,19205,25261808,97,185295
2023-01-06,IT,Italy,EURO,17874,25279682,122,185417
2023-01-07,IT,Italy,EURO,16494,25296176,71,185488
2023-01-08,IT,Italy,EURO,4967,25301143,44,185532
2023-01-09,IT,Italy,EURO,13425,25314568,53,185585
2023-01-10,IT,Italy,EURO,5620,25320188,65,185650
2023-01-11,IT,Italy,EURO,20616,25340804,150,185800
2023-01-12,IT,Italy,EURO,12120,25352924,89,185889
2023-01-13,IT,Italy,EURO,10818,25363742,104,185993
2023-01-14,IT,Italy,EURO,9082,25372824,86,186079
2023-01-15,IT,Italy,EURO,8064,25380888,79,186158
2023-01-16,IT,Italy,EURO,5814,25386702,29,186187
2023-01-17,IT,Italy,EURO,3038,25389740,74,186261
2023-01-18,IT,Italy,EURO,11219,25400959,78,186339
2023-01-19,IT,Italy,EURO,7618,25408577,73,186412
2023-01-20,IT,Italy,EURO,7053,25415630,76,186488
2023-01-21,IT,Italy,EURO,6703,25422333,54,186542
2023-01-22,IT,Italy,EURO,5745,25428078,59,186601
2023-01-23,IT,Italy,EURO,3720,25431798,16,186617
2023-01-24,IT,Italy,EURO,2499,25434297,44,186661
2023-01-25,IT,Italy,EURO,8061,25442358,73,186734
2023-01-26,IT,Italy,EURO,5900,25448258,54,186788
2023-01-27,IT,Italy,EURO,5531,25453789,45,186833
2023-01-28,IT,Italy,EURO,4974,25458763,38,186871
2023-01-29,IT,Italy,EURO,6037,25464800,33,186904
2023-01-30,IT,Italy,EURO,3443,25468243,25,186929
2023-01-31,IT,Italy,EURO,1827,25470070,33,186962
2023-02-01,IT,Italy,EURO,7297,25477367,115,187077
2023-02-02,IT,Italy,EURO,5243,25482610,147,187224
2023-02-03,IT,Italy,EURO,5556,25488166,48,187272
2023-02-04,IT,Italy,EURO,4675,25492841,57,187329
2023-02-05,IT,Italy,EURO,4710,25497551,30,187359
2023-02-06,IT,Italy,EURO,3487,25501038,18,187377
2023-02-07,IT,Italy,EURO,1800,25502838,32,187409
2023-02-08,IT,Italy,EURO,7120,25509958,64,187473
2023-02-09,IT,Italy,EURO,4706,25514664,40,187513
2023-02-10,IT,Italy,EURO,4403,25519067,38,187551
2023-02-11,IT,Italy,EURO,3961,25523028,45,187596
2023-02-12,IT,Italy,EURO,3809,25526837,22,187618
2023-02-13,IT,Italy,EURO,2835,25529672,12,187630
2023-02-14,IT,Italy,EURO,1579,25531251,26,187656
2023-02-15,IT,Italy,EURO,6733,25537984,66,187722
2023-02-16,IT,Italy,EURO,4833,25542817,63,187785
2023-02-17,IT,Italy,EURO,4597,25547414,65,187850
2023-02-18,IT,Italy,EURO,4374,25551788,48,187898
2023-02-19,IT,Italy,EURO,4195,25555983,29,187927
2023-02-20,IT,Italy,EURO,3077,25559060,18,187945
2023-02-21,IT,Italy,EURO,1613,25560673,19,187964
2023-02-22,IT,Italy,EURO,6798,25567471,56,188020
2023-02-23,IT,Italy,EURO,4661,25572132,34,188054
2023-02-24,IT,Italy,EURO,4720,25576852,40,188094
2023-02-25,IT,Italy,EURO,4414,25581266,49,188143
2023-02-26,IT,Italy,EURO,3894,25585160,31,188174
2023-02-27,IT,Italy,EURO,2839,25587999,13,188187
2023-02-28,IT,Italy,EURO,1494,25589493,31,188218
2023-03-01,IT,Italy,EURO,5892,25595385,44,188262
2023-03-02,IT,Italy,EURO,4628,25600013,32,188294
2023-03-03,IT,Italy,EURO,3497,25603510,28,188322
2023-03-04,IT,Italy,EURO,3521,25607031,51,188373
2023-03-05,IT,Italy,EURO,3262,25610293,23,188396
2023-03-06,IT,Italy,EURO,2316,25612609,9,188405
2023-03-07,IT,Italy,EURO,1419,25614028,25,188430
2023-03-08,IT,Italy,EURO,5684,25619712,45,188475
2023-03-09,IT,Italy,EURO,3932,25623644,27,188502
2023-03-10,IT,Italy,EURO,3829,25627473,36,188538
2023-03-11,IT,Italy,EURO,3597,25631070,32,188570
2023-03-12,IT,Italy,EURO,3372,25634442,24,188594
2023-03-13,IT,Italy,EURO,2511,25636953,27,188621
2023-03-14,IT,Italy,EURO,1378,25638331,37,188658
2023-03-15,IT,Italy,EURO,5470,25643801,38,188696
2023-03-16,IT,Italy,EURO,3921,25647722,28,188724
2023-03-17,IT,Italy,EURO,3483,25651205,26,188750
2023-03-18,IT,Italy,EURO,3285,25654490,24,188774
2023-03-19,IT,Italy,EURO,2993,25657483,21,188795
2023-03-20,IT,Italy,EURO,2163,25659646,7,188802
2023-03-21,IT,Italy,EURO,1178,25660824,21,188823
2023-03-22,IT,Italy,EURO,5182,25666006,46,188869
2023-03-23,IT,Italy,EURO,3859,25669865,30,188899
2023-03-24,IT,Italy,EURO,3577,25673442,34,188933
2023-03-25,IT,Italy,EURO,3347,25676789,22,188955
2023-03-26,IT,Italy,EURO,3359,25680148,19,188974
2023-03-27,IT,Italy,EURO,2068,25682216,9,188983
2023-03-28,IT,Italy,EURO,1229,25683445,16,188999
2023-03-29,IT,Italy,EURO,5015,25688460,38,189037
2023-03-30,IT,Italy,EURO,3595,25692055,23,189060
2023-03-31,IT,Italy,EURO,3256,25695311,29,189089
2023-04-01,IT,Italy,EURO,3002,25698313,42,189131
2023-04-02,IT,Italy,EURO,2834,25701147,24,189155
2023-04-03,IT,Italy,EURO,2136,25703283,12,189167
2023-04-04,IT,Italy,EURO,1219,25704502,15,189182
2023-04-05,IT,Italy,EURO,4710,25709212,39,189221
2023-04-06,IT,Italy,EURO,3295,25712507,30,189251
2023-04-07,IT,Italy,EURO,2877,25715384,11,189262
2023-04-08,IT,Italy,EURO,3000,25718384,19,189281
2023-04-09,IT,Italy,EURO,2670,25721054,22,189303
2023-04-10,IT,Italy,EURO,2194,25723248,6,189309
2023-04-11,IT,Italy,EURO,898,25724146,6,189315
2023-04-12,IT,Italy,EURO,1445,25725591,22,189337
2023-04-13,IT,Italy,EURO,6706,25732297,26,189363
2023-04-14,IT,Italy,EURO,4873,25737170,28,189391
2023-04-15,IT,Italy,EURO,4322,25741492,36,189427
2023-04-16,IT,Italy,EURO,4308,25745800,13,189440
2023-04-17,IT,Italy,EURO,2836,25748636,4,189444
2023-04-18,IT,Italy,EURO,1498,25750134,18,189462
2023-04-19,IT,Italy,EURO,6004,25756138,28,189490
2023-04-20,IT,Italy,EURO,4867,25761005,70,189560
2023-04-21,IT,Italy,EURO,4214,25765219,22,189582
2023-04-22,IT,Italy,EURO,3766,25768985,21,189603
2023-04-23,IT,Italy,EURO,3474,25772459,24,189627
2023-04-24,IT,Italy,EURO,2614,25775073,16,189643
2023-04-25,IT,Italy,EURO,1306,25776379,19,189662
2023-04-26,IT,Italy,EURO,4857,25781236,25,189687
2023-04-27,IT,Italy,EURO,1578,25782814,25,189712
2023-04-28,IT,Italy,EURO,5573,25788387,26,189738
2023-04-29,IT,Italy,EURO,3808,25792195,21,189759
2023-04-30,IT,Italy,EURO,3314,25795509,27,189786
2023-05-01,IT,Italy,EURO,2311,25797820,10,189796
2023-05-02,IT,Italy,EURO,1179,25798999,8,189804
2023-05-03,IT,Italy,EURO,1472,25800471,21,189825
2023-05-04,IT,Italy,EURO,5157,25805628,48,189873
2023-05-05,IT,Italy,EURO,3580,25809208,31,189904
2023-05-06,IT,Italy,EURO,3416,25812624,32,189936
2023-05-07,IT,Italy,EURO,2779,25815403,32,189968
2023-05-08,IT,Italy,EURO,1974,25817377,14,189982
2023-05-09,IT,Italy,EURO,1096,25818473,23,190005
2023-05-10,IT,Italy,EURO,4205,25822678,32,190037
2023-05-11,IT,Italy,EURO,2982,25825660,19,190056
2023-05-12,IT,Italy,EURO,2592,25828252,24,190080
2023-05-13,IT,Italy,EURO,2191,25830443,21,190101
2023-05-14,IT,Italy,EURO,2070,25832513,21,190122
2023-05-15,IT,Italy,EURO,1382,25833895,16,190138
2023-05-16,IT,Italy,EURO,705,25834600,19,190157
2023-05-17,IT,Italy,EURO,2965,25837565,35,190192
2023-05-18,IT,Italy,EURO,2754,25840319,32,190224
2023-05-19,IT,Italy,EURO,2276,25842595,18,190242
2023-05-20,IT,Italy,EURO,2060,25844655,34,190276
2023-05-21,IT,Italy,EURO,2021,25846676,10,190286
2023-05-22,IT,Italy,EURO,1515,25848191,8,190294
2023-05-23,IT,Italy,EURO,869,25849060,19,190313
2023-05-24,IT,Italy,EURO,3490,25852550,28,190341
2023-05-25,IT,Italy,EURO,2608,25855158,25,190366
2023-05-26,IT,Italy,EURO,2414,25857572,26,190392
2023-05-27,IT,Italy,EURO,2194,25859766,27,190419
2023-05-28,IT,Italy,EURO,2046,25861812,21,190440
2023-05-29,IT,Italy,EURO,1482,25863294,12,190452
2023-05-30,IT,Italy,EURO,800,25864094,6,190458
2023-05-31,IT,Italy,EURO,2858,25866952,24,190482
2023-06-01,IT,Italy,EURO,2058,25869010,17,190499
2023-06-02,IT,Italy,EURO,1823,25870833,18,190517
2023-06-03,IT,Italy,EURO,1332,25872165,24,190541
2023-06-04,IT,Italy,EURO,630,25872795,10,190551
2023-06-05,IT,Italy,EURO,1185,25873980,5,190556
2023-06-06,IT,Italy,EURO,732,25874712,9,190565
2023-06-07,IT,Italy,EURO,2399,25877111,23,190588
2023-06-08,IT,Italy,EURO,1496,25878607,8,190596
2023-06-09,IT,Italy,EURO,1377,25879984,29,190625
2023-06-10,IT,Italy,EURO,1178,25881162,17,190642
2023-06-11,IT,Italy,EURO,1134,25882296,13,190655
2023-06-12,IT,Italy,EURO,820,25883116,9,190664
2023-06-13,IT,Italy,EURO,455,25883571,4,190668
2023-06-14,IT,Italy,EURO,1728,25885299,11,190679
2023-06-15,IT,Italy,EURO,1152,25886451,14,190693
2023-06-16,IT,Italy,EURO,993,25887444,13,190706
2023-06-17,IT,Italy,EURO,913,25888357,15,190721
2023-06-18,IT,Italy,EURO,869,25889226,15,190736
2023-06-19,IT,Italy,EURO,587,25889813,8,190744
2023-06-20,IT,Italy,EURO,297,25890110,7,190751
2023-06-21,IT,Italy,EURO,1416,25891526,13,190764
2023-06-22,IT,Italy,EURO,816,25892342,12,190776
2023-06-23,IT,Italy,EURO,759,25893101,6,190782
2023-06-24,IT,Italy,EURO,731,25893832,21,190803
2023-06-25,IT,Italy,EURO,686,25894518,17,190820
2023-06-26,IT,Italy,EURO,528,25895046,6,190826
2023-06-27,IT,Italy,EURO,381,25895427,10,190836
2023-06-28,IT,Italy,EURO,1002,25896429,19,190855
2023-06-29,IT,Italy,EURO,689,25897118,9,190864
2023-06-30,IT,Italy,EURO,683,25897801,4,190868
2023-07-01,IT,Italy,EURO,585,25898386,9,190877
2023-07-02,IT,Italy,EURO,562,25898948,10,190887
2023-07-03,IT,Italy,EURO,391,25899339,1,190888
2023-07-04,IT,Italy,EURO,195,25899534,5,190893
2023-07-05,IT,Italy,EURO,810,25900344,7,190900
2023-07-06,IT,Italy,EURO,610,25900954,2,190902
2023-07-07,IT,Italy,EURO,575,25901529,4,190906
2023-07-08,IT,Italy,EURO,469,25901998,3,190909
2023-07-09,IT,Italy,EURO,486,25902484,7,190916
2023-07-10,IT,Italy,EURO,402,25902886,2,190918
2023-07-11,IT,Italy,EURO,198,25903084,1,190919
2023-07-12,IT,Italy,EURO,802,25903886,13,190932
2023-07-13,IT,Italy,EURO,514,25904400,2,190934
2023-07-14,IT,Italy,EURO,551,25904951,8,190942
2023-07-15,IT,Italy,EURO,508,25905459,13,190955
2023-07-16,IT,Italy,EURO,430,25905889,4,190959
2023-07-17,IT,Italy,EURO,317,25906206,2,190961
2023-07-18,IT,Italy,EURO,200,25906406,6,190967
2023-07-19,IT,Italy,EURO,842,25907248,12,190979
2023-07-20,IT,Italy,EURO,538,25907786,7,190986
2023-07-21,IT,Italy,EURO,567,25908353,1,190987
2023-07-22,IT,Italy,EURO,545,25908898,9,190996
2023-07-23,IT,Italy,EURO,563,25909461,6,191002
2023-07-24,IT,Italy,EURO,373,25909834,1,191003
2023-07-25,IT,Italy,EURO,231,25910065,1,191004
2023-07-26,IT,Italy,EURO,1010,25911075,4,191008
2023-07-27,IT,Italy,EURO,717,25911792,1,191009
2023-07-28,IT,Italy,EURO,689,25912481,3,191012
2023-07-29,IT,Italy,EURO,706,25913187,5,191017
2023-07-30,IT,Italy,EURO,655,25913842,2,191019
2023-07-31,IT,Italy,EURO,553,25914395,1,191020
2023-08-01,IT,Italy,EURO,276,25914671,2,191022
2023-08-02,IT,Italy,EURO,1395,25916066,9,191031
2023-08-03,IT,Italy,EURO,1095,25917161,13,191044
2023-08-04,IT,Italy,EURO,1092,25918253,9,191053
2023-08-05,IT,Italy,EURO,983,25919236,10,191063
2023-08-06,IT,Italy,EURO,958,25920194,5,191068
2023-08-07,IT,Italy,EURO,524,25920718,2,191070
2023-08-08,IT,Italy,EURO,421,25921139,11,191081
2023-08-09,IT,Italy,EURO,1269,25922408,23,191104
2023-08-10,IT,Italy,EURO,941,25923349,7,191111
2023-08-11,IT,Italy,EURO,959,25924308,7,191118
2023-08-12,IT,Italy,EURO,955,25925263,17,191135
2023-08-13,IT,Italy,EURO,1002,25926265,9,191144
2023-08-14,IT,Italy,EURO,689,25926954,3,191147
2023-08-15,IT,Italy,EURO,475,25927429,9,191156
2023-08-16,IT,Italy,EURO,1421,25928850,6,191162
2023-08-17,IT,Italy,EURO,388,25929238,5,191167
2023-08-18,IT,Italy,EURO,1694,25930932,8,191175
2023-08-19,IT,Italy,EURO,1433,25932365,5,191180
2023-08-20,IT,Italy,EURO,1591,25933956,2,191182
2023-08-21,IT,Italy,EURO,1256,25935212,4,191186
2023-08-22,IT,Italy,EURO,635,25935847,3,191189
2023-08-23,IT,Italy,EURO,2793,25938640,11,191200
2023-08-24,IT,Italy,EURO,2200,25940840,11,191211
2023-08-25,IT,Italy,EURO,1938,25942778,8,191219
2023-08-26,IT,Italy,EURO,2158,25944936,14,191233
2023-08-27,IT,Italy,EURO,1968,25946904,4,191237
2023-08-28,IT,Italy,EURO,1485,25948389,10,191247
2023-08-29,IT,Italy,EURO,867,25949256,6,191253
2023-08-30,IT,Italy,EURO,3744,25953000,13,191266
2023-08-31,IT,Italy,EURO,2703,25955703,10,191276
2023-09-01,IT,Italy,EURO,2847,25958550,16,191292
2023-09-02,IT,Italy,EURO,2709,25961259,16,191308
2023-09-03,IT,Italy,EURO,2758,25964017,10,191318
2023-09-04,IT,Italy,EURO,2124,25966141,6,191324
2023-09-05,IT,Italy,EURO,1203,25967344,13,191337
2023-09-06,IT,Italy,EURO,5546,25972890,12,191349
2023-09-07,IT,Italy,EURO,4122,25977012,21,191370
2023-09-08,IT,Italy,EURO,3974,25980986,21,191391
2023-09-09,IT,Italy,EURO,3926,25984912,10,191401
2023-09-10,IT,Italy,EURO,3835,25988747,6,191407
2023-09-11,IT,Italy,EURO,3066,25991813,8,191415
2023-09-12,IT,Italy,EURO,1548,25993361,14,191429
2023-09-13,IT,Italy,EURO,8510,26001871,18,191447
2023-09-14,IT,Italy,EURO,5918,26007789,22,191469
2023-09-15,IT,Italy,EURO,5574,26013363,14,191483
2023-09-16,IT,Italy,EURO,5083,26018446,20,191503
2023-09-17,IT,Italy,EURO,5028,26023474,13,191516
2023-09-18,IT,Italy,EURO,3625,26027099,5,191521
2023-09-19,IT,Italy,EURO,1758,26028857,18,191539
2023-09-20,IT,Italy,EURO,8707,26037564,27,191566
2023-09-21,IT,Italy,EURO,6306,26043870,20,191586
2023-09-22,IT,Italy,EURO,6078,26049948,32,191618
2023-09-23,IT,Italy,EURO,5633,26055581,20,191638
2023-09-24,IT,Italy,EURO,5417,26060998,12,191650
2023-09-25,IT,Italy,EURO,4473,26065471,6,191656
2023-09-26,IT,Italy,EURO,1875,26067346,8,191664
2023-09-27,IT,Italy,EURO,8834,26076180,20,191684
2023-09-28,IT,Italy,EURO,6465,26082645,31,191715
2023-09-29,IT,Italy,EURO,6656,26089301,17,191732
2023-09-30,IT,Italy,EURO,6594,26095895,26,191758
2023-10-01,IT,Italy,EURO,4905,26100800,22,191780
2023-10-02,IT,Italy,EURO,5304,26106104,11,191791
2023-10-03,IT,Italy,EURO,1971,26108075,22,191813
2023-10-04,IT,Italy,EURO,11363,26119438,25,191838
2023-10-05,IT,Italy,EURO,7354,26126792,14,191852
2023-10-06,IT,Italy,EURO,6965,26133757,28,191880
2023-10-07,IT,Italy,EURO,6575,26140332,26,191906
2023-10-08,IT,Italy,EURO,6116,26146448,28,191934
2023-10-09,IT,Italy,EURO,3977,26150425,6,191940
2023-10-10,IT,Italy,EURO,1793,26152218,20,191960
2023-10-11,IT,Italy,EURO,9320,26161538,28,191988
2023-10-12,IT,Italy,EURO,6874,26168412,25,192013
2023-10-13,IT,Italy,EURO,6208,26174620,26,192039
2023-10-14,IT,Italy,EURO,5148,26179768,36,192075
2023-10-15,IT,Italy,EURO,4851,26184619,23,192098
2023-10-16,IT,Italy,EURO,3153,26187772,15,192113
2023-10-17,IT,Italy,EURO,2324,26190096,28,192141
2023-10-18,IT,Italy,EURO,7577,26197673,44,192185
2023-10-19,IT,Italy,EURO,4580,26202253,25,192210
2023-10-20,IT,Italy,EURO,4286,26206539,44,192254
2023-10-21,IT,Italy,EURO,4049,26210588,29,192283
2023-10-22,IT,Italy,EURO,3964,26214552,29,192312
2023-10-23,IT,Italy,EURO,2638,26217190,14,192326
2023-10-24,IT,Italy,EURO,1342,26218532,24,192350
2023-10-25,IT,Italy,EURO,7075,26225607,24,192374
2023-10-26,IT,Italy,EURO,4570,26230177,32,192406
2023-10-27,IT,Italy,EURO,4444,26234621,30,192436
2023-10-28,IT,Italy,EURO,4188,26238809,26,192462
2023-10-29,IT,Italy,EURO,4183,26242992,17,192479
2023-10-30,IT,Italy,EURO,2646,26245638,6,192485
2023-10-31,IT,Italy,EURO,1368,26247006,19,192504
2023-11-01,IT,Italy,EURO,6445,26253451,31,192535
2023-11-02,IT,Italy,EURO,4097,26257548,19,192554
2023-11-03,IT,Italy,EURO,1359,26258907,40,192594
2023-11-04,IT,Italy,EURO,5387,26264294,26,192620
2023-11-05,IT,Italy,EURO,3980,26268274,26,192646
2023-11-06,IT,Italy,EURO,2706,26270980,6,192652
2023-11-07,IT,Italy,EURO,1357,26272337,6,192658
2023-11-08,IT,Italy,EURO,7311,26279648,32,192690
2023-11-09,IT,Italy,EURO,4755,26284403,27,192717
2023-11-10,IT,Italy,EURO,5128,26289531,23,192740
2023-11-11,IT,Italy,EURO,4304,26293835,32,192772
2023-11-12,IT,Italy,EURO,4477,26298312,22,192794
2023-11-13,IT,Italy,EURO,3092,26301404,21,192815
2023-11-14,IT,Italy,EURO,1585,26302989,25,192840
2023-11-15,IT,Italy,EURO,8952,26311941,45,192885
2023-11-16,IT,Italy,EURO,6776,26318717,24,192909
2023-11-17,IT,Italy,EURO,0,26318717,0,192909
2023-11-18,IT,Italy,EURO,0,26318717,0,192909
2023-11-19,IT,Italy,EURO,0,26318717,0,192909
2023-11-20,IT,Italy,EURO,0,26318717,0,192909
2023-11-21,IT,Italy,EURO,0,26318717,0,192909
2023-11-22,IT,Italy,EURO,0,26318717,0,192909
2023-11-23,IT,Italy,EURO,0,26318717,0,192909
2023-11-24,IT,Italy,EURO,0,26318717,0,192909
2023-11-25,IT,Italy,EURO,0,26318717,0,192909
2023-11-26,IT,Italy,EURO,0,26318717,0,192909
2023-11-27,IT,Italy,EURO,0,26318717,0,192909
2023-11-28,IT,Italy,EURO,0,26318717,0,192909
2023-11-29,IT,Italy,EURO,0,26318717,0,192909
2023-11-30,IT,Italy,EURO,0,26318717,0,192909
2023-12-01,IT,Italy,EURO,0,26318717,0,192909
2023-12-02,IT,Italy,EURO,0,26318717,0,192909
2023-12-03,IT,Italy,EURO,0,26318717,0,192909
2023-12-04,IT,Italy,EURO,0,26318717,0,192909
2023-12-05,IT,Italy,EURO,0,26318717,0,192909
2023-12-06,IT,Italy,EURO,0,26318717,0,192909